Time,Temperature,Pressure,Altitude,Latitude,Longitude,gps_altitude,gps_sats,gyro_x,gyro_y,gyro_z,bmp_status,gps_status,gyro_status,apc_status,servo_status,servo_rotation,sd_status
1,11,31,40,41.382736,2.154902,25.00,3,200.00,32.00,64.00,1,1,1,1,0,150,1
2,12,32,40,41.382736,2.154902,25.00,3,200.00,32.00,64.00,1,1,1,1,0,150,1
3,13,33,40,41.382736,2.154902,25.00,3,200.00,32.00,64.00,1,1,1,1,0,150,1
4,14,34,40,41.382736,2.154902,25.00,3,200.00,32.00,64.00,1,1,1,1,0,150,1
5,15,35,40,41.382736,2.154902,25.00,3,200.00,32.00,64.00,1,1,1,1,0,150,1
6,16,36,40,41.382736,2.154902,25.00,3,200.00,32.00,64.00,1,1,1,1,0,150,1
7,17,37,40,41.382736,2.154902,25.00,3,200.00,32.00,64.00,1,1,1,1,0,150,1
8,18,38,40,41.382736,2.154902,25.00,3,200.00,32.00,64.00,1,1,1,1,0,150,1
9,19,39,40,41.382736,2.154902,25.00,3,200.00,32.00,64.00,1,1,1,1,0,150,1
10,20,40,40,41.382736,2.154902,25.00,3,200.00,32.00,64.00,1,1,1,1,0,150,1
11,21,41,40,41.382736,2.154902,25.00,3,200.00,32.00,64.00,1,1,1,1,0,150,1
12,22,42,40,41.382736,2.154902,25.00,3,200.00,32.00,64.00,1,1,1,1,0,150,1
13,23,43,40,41.382736,2.154902,25.00,3,200.00,32.00,64.00,1,1,1,1,0,150,1
14,24,44,40,41.382736,2.154902,25.00,3,200.00,32.00,64.00,1,1,1,1,0,150,1
15,25,45,40,41.382736,2.154902,25.00,3,200.00,32.00,64.00,1,1,1,1,0,150,1
16,26,46,40,41.382736,2.154902,25.00,3,200.00,32.00,64.00,1,1,1,1,0,150,1
17,27,47,40,41.382736,2.154902,25.00,3,200.00,32.00,64.00,1,1,1,1,0,150,1
18,28,48,40,41.382736,2.154902,25.00,3,200.00,32.00,64.00,1,1,1,1,0,150,1
19,29,49,40,41.382736,2.154902,25.00,3,200.00,32.00,64.00,1,1,1,1,0,150,1
20,30,50,40,41.382736,2.154902,25.00,3,200.00,32.00,64.00,1,1,1,1,0,150,1
21,31,51,40,41.382736,2.154902,25.00,3,200.00,32.00,64.00,1,1,1,1,0,150,1
22,32,52,40,41.382736,2.154902,25.00,3,200.00,32.00,64.00,1,1,1,1,0,150,1
23,33,53,40,41.382736,2.154902,25.00,3,200.00,32.00,64.00,1,1,1,1,0,150,1
24,34,54,40,41.382736,2.154902,25.00,3,200.00,32.00,64.00,1,1,1,1,0,150,1
25,35,55,40,41.382736,2.154902,25.00,3,200.00,32.00,64.00,1,1,1,1,0,150,1
26,36,56,40,41.382736,2.154902,25.00,3,200.00,32.00,64.00,1,1,1,1,0,150,1
27,37,57,40,41.382736,2.154902,25.00,3,200.00,32.00,64.00,1,1,1,1,0,150,1
28,38,58,40,41.382736,2.154902,25.00,3,200.00,32.00,64.00,1,1,1,1,0,150,1
29,39,59,40,41.382736,2.154902,25.00,3,200.00,32.00,64.00,1,1,1,1,0,150,1
30,40,60,40,41.382736,2.154902,25.00,3,200.00,32.00,64.00,1,1,1,1,0,150,1
31,41,61,40,41.382736,2.154902,25.00,3,200.00,32.00,64.00,1,1,1,1,0,150,1
32,42,62,40,41.382736,2.154902,25.00,3,200.00,32.00,64.00,1,1,1,1,0,150,1
33,43,63,40,41.382736,2.154902,25.00,3,200.00,32.00,64.00,1,1,1,1,0,150,1
34,44,64,40,41.382736,2.154902,25.00,3,200.00,32.00,64.00,1,1,1,1,0,150,1
35,45,65,40,41.382736,2.154902,25.00,3,200.00,32.00,64.00,1,1,1,1,0,150,1
36,46,66,40,41.382736,2.154902,25.00,3,200.00,32.00,64.00,1,1,1,1,0,150,1
37,47,67,40,41.382736,2.154902,25.00,3,200.00,32.00,64.00,1,1,1,1,0,150,1
38,48,68,40,41.382736,2.154902,25.00,3,200.00,32.00,64.00,1,1,1,1,0,150,1
39,49,69,40,41.382736,2.154902,25.00,3,200.00,32.00,64.00,1,1,1,1,0,150,1
40,50,70,40,41.382736,2.154902,25.00,3,200.00,32.00,64.00,1,1,1,1,0,150,1
41,51,71,40,41.382736,2.154902,25.00,3,200.00,32.00,64.00,1,1,1,1,0,150,1
42,52,72,40,41.382736,2.154902,25.00,3,200.00,32.00,64.00,1,1,1,1,0,150,1
43,53,73,40,41.382736,2.154902,25.00,3,200.00,32.00,64.00,1,1,1,1,0,150,1
44,54,74,40,41.382736,2.154902,25.00,3,200.00,32.00,64.00,1,1,1,1,0,150,1
45,55,75,40,41.382736,2.154902,25.00,3,200.00,32.00,64.00,1,1,1,1,0,150,1
46,56,76,40,41.382736,2.154902,25.00,3,200.00,32.00,64.00,1,1,1,1,0,150,1
47,57,77,40,41.382736,2.154902,25.00,3,200.00,32.00,64.00,1,1,1,1,0,150,1
48,58,78,40,41.382736,2.154902,25.00,3,200.00,32.00,64.00,1,1,1,1,0,150,1
49,59,79,40,41.382736,2.154902,25.00,3,200.00,32.00,64.00,1,1,1,1,0,150,1
50,60,80,40,41.382736,2.154902,25.00,3,200.00,32.00,64.00,1,1,1,1,0,150,1
51,61,81,40,41.382736,2.154902,25.00,3,200.00,32.00,64.00,1,1,1,1,0,150,1
52,62,82,40,41.382736,2.154902,25.00,3,200.00,32.00,64.00,1,1,1,1,0,150,1
53,63,83,40,41.382736,2.154902,25.00,3,200.00,32.00,64.00,1,1,1,1,0,150,1
54,64,84,40,41.382736,2.154902,25.00,3,200.00,32.00,64.00,1,1,1,1,0,150,1
55,65,85,40,41.382736,2.154902,25.00,3,200.00,32.00,64.00,1,1,1,1,0,150,1
56,66,86,40,41.382736,2.154902,25.00,3,200.00,32.00,64.00,1,1,1,1,0,150,1
57,67,87,40,41.382736,2.154902,25.00,3,200.00,32.00,64.00,1,1,1,1,0,150,1
58,68,88,40,41.382736,2.154902,25.00,3,200.00,32.00,64.00,1,1,1,1,0,150,1
59,69,89,40,41.382736,2.154902,25.00,3,200.00,32.00,64.00,1,1,1,1,0,150,1
60,70,90,40,41.382736,2.154902,25.00,3,200.00,32.00,64.00,1,1,1,1,0,150,1
61,71,91,40,41.382736,2.154902,25.00,3,200.00,32.00,64.00,1,1,1,1,0,150,1
62,72,92,40,41.382736,2.154902,25.00,3,200.00,32.00,64.00,1,1,1,1,0,150,1
63,73,93,40,41.382736,2.154902,25.00,3,200.00,32.00,64.00,1,1,1,1,0,150,1
64,74,94,40,41.382736,2.154902,25.00,3,200.00,32.00,64.00,1,1,1,1,0,150,1
65,75,95,40,41.382736,2.154902,25.00,3,200.00,32.00,64.00,1,1,1,1,0,150,1
66,76,96,40,41.382736,2.154902,25.00,3,200.00,32.00,64.00,1,1,1,1,0,150,1
67,77,97,40,41.382736,2.154902,25.00,3,200.00,32.00,64.00,1,1,1,1,0,150,1
68,78,98,40,41.382736,2.154902,25.00,3,200.00,32.00,64.00,1,1,1,1,0,150,1
69,79,99,40,41.382736,2.154902,25.00,3,200.00,32.00,64.00,1,1,1,1,0,150,1
70,80,100,40,41.382736,2.154902,25.00,3,200.00,32.00,64.00,1,1,1,1,0,150,1
71,81,101,40,41.382736,2.154902,25.00,3,200.00,32.00,64.00,1,1,1,1,0,150,1
72,82,102,40,41.382736,2.154902,25.00,3,200.00,32.00,64.00,1,1,1,1,0,150,1
73,83,103,40,41.382736,2.154902,25.00,3,200.00,32.00,64.00,1,1,1,1,0,150,1
74,84,104,40,41.382736,2.154902,25.00,3,200.00,32.00,64.00,1,1,1,1,0,150,1
75,85,105,40,41.382736,2.154902,25.00,3,200.00,32.00,64.00,1,1,1,1,0,150,1
76,86,106,40,41.382736,2.154902,25.00,3,200.00,32.00,64.00,1,1,1,1,0,150,1
77,87,107,40,41.382736,2.154902,25.00,3,200.00,32.00,64.00,1,1,1,1,0,150,1
78,88,108,40,41.382736,2.154902,25.00,3,200.00,32.00,64.00,1,1,1,1,0,150,1
79,89,109,40,41.382736,2.154902,25.00,3,200.00,32.00,64.00,1,1,1,1,0,150,1
80,90,110,40,41.382736,2.154902,25.00,3,200.00,32.00,64.00,1,1,1,1,0,150,1
81,91,111,40,41.382736,2.154902,25.00,3,200.00,32.00,64.00,1,1,1,1,0,150,1
82,92,112,40,41.382736,2.154902,25.00,3,200.00,32.00,64.00,1,1,1,1,0,150,1
83,93,113,40,41.382736,2.154902,25.00,3,200.00,32.00,64.00,1,1,1,1,0,150,1
84,94,114,40,41.382736,2.154902,25.00,3,200.00,32.00,64.00,1,1,1,1,0,150,1
85,95,115,40,41.382736,2.154902,25.00,3,200.00,32.00,64.00,1,1,1,1,0,150,1
86,96,116,40,41.382736,2.154902,25.00,3,200.00,32.00,64.00,1,1,1,1,0,150,1
87,97,117,40,41.382736,2.154902,25.00,3,200.00,32.00,64.00,1,1,1,1,0,150,1
88,98,118,40,41.382736,2.154902,25.00,3,200.00,32.00,64.00,1,1,1,1,0,150,1
89,99,119,40,41.382736,2.154902,25.00,3,200.00,32.00,64.00,1,1,1,1,0,150,1
90,100,120,40,41.382736,2.154902,25.00,3,200.00,32.00,64.00,1,1,1,1,0,150,1
91,101,121,40,41.382736,2.154902,25.00,3,200.00,32.00,64.00,1,1,1,1,0,150,1
92,102,122,40,41.382736,2.154902,25.00,3,200.00,32.00,64.00,1,1,1,1,0,150,1
93,103,123,40,41.382736,2.154902,25.00,3,200.00,32.00,64.00,1,1,1,1,0,150,1
94,104,124,40,41.382736,2.154902,25.00,3,200.00,32.00,64.00,1,1,1,1,0,150,1
95,105,125,40,41.382736,2.154902,25.00,3,200.00,32.00,64.00,1,1,1,1,0,150,1
96,106,126,40,41.382736,2.154902,25.00,3,200.00,32.00,64.00,1,1,1,1,0,150,1
97,107,127,40,41.382736,2.154902,25.00,3,200.00,32.00,64.00,1,1,1,1,0,150,1
98,108,128,40,41.382736,2.154902,25.00,3,200.00,32.00,64.00,1,1,1,1,0,150,1
99,109,129,40,41.382736,2.154902,25.00,3,200.00,32.00,64.00,1,1,1,1,0,150,1
100,110,130,40,41.382736,2.154902,25.00,3,200.00,32.00,64.00,1,1,1,1,0,150,1
101,111,131,40,41.382736,2.154902,25.00,3,200.00,32.00,64.00,1,1,1,1,0,150,1
102,112,132,40,41.382736,2.154902,25.00,3,200.00,32.00,64.00,1,1,1,1,0,150,1
103,113,133,40,41.382736,2.154902,25.00,3,200.00,32.00,64.00,1,1,1,1,0,150,1
104,114,134,40,41.382736,2.154902,25.00,3,200.00,32.00,64.00,1,1,1,1,0,150,1
105,115,135,40,41.382736,2.154902,25.00,3,200.00,32.00,64.00,1,1,1,1,0,150,1
106,116,136,40,41.382736,2.154902,25.00,3,200.00,32.00,64.00,1,1,1,1,0,150,1
107,117,137,40,41.382736,2.154902,25.00,3,200.00,32.00,64.00,1,1,1,1,0,150,1
108,118,138,40,41.382736,2.154902,25.00,3,200.00,32.00,64.00,1,1,1,1,0,150,1
109,119,139,40,41.382736,2.154902,25.00,3,200.00,32.00,64.00,1,1,1,1,0,150,1
110,120,140,40,41.382736,2.154902,25.00,3,200.00,32.00,64.00,1,1,1,1,0,150,1
111,121,141,40,41.382736,2.154902,25.00,3,200.00,32.00,64.00,1,1,1,1,0,150,1
112,122,142,40,41.382736,2.154902,25.00,3,200.00,32.00,64.00,1,1,1,1,0,150,1
113,123,143,40,41.382736,2.154902,25.00,3,200.00,32.00,64.00,1,1,1,1,0,150,1
114,124,144,40,41.382736,2.154902,25.00,3,200.00,32.00,64.00,1,1,1,1,0,150,1
115,125,145,40,41.382736,2.154902,25.00,3,200.00,32.00,64.00,1,1,1,1,0,150,1
116,126,146,40,41.382736,2.154902,25.00,3,200.00,32.00,64.00,1,1,1,1,0,150,1
117,127,147,40,41.382736,2.154902,25.00,3,200.00,32.00,64.00,1,1,1,1,0,150,1
118,128,148,40,41.382736,2.154902,25.00,3,200.00,32.00,64.00,1,1,1,1,0,150,1
119,129,149,40,41.382736,2.154902,25.00,3,200.00,32.00,64.00,1,1,1,1,0,150,1
120,130,150,40,41.382736,2.154902,25.00,3,200.00,32.00,64.00,1,1,1,1,0,150,1
121,131,151,40,41.382736,2.154902,25.00,3,200.00,32.00,64.00,1,1,1,1,0,150,1
122,132,152,40,41.382736,2.154902,25.00,3,200.00,32.00,64.00,1,1,1,1,0,150,1
123,133,153,40,41.382736,2.154902,25.00,3,200.00,32.00,64.00,1,1,1,1,0,150,1
124,134,154,40,41.382736,2.154902,25.00,3,200.00,32.00,64.00,1,1,1,1,0,150,1
125,135,155,40,41.382736,2.154902,25.00,3,200.00,32.00,64.00,1,1,1,1,0,150,1
126,136,156,40,41.382736,2.154902,25.00,3,200.00,32.00,64.00,1,1,1,1,0,150,1
127,137,157,40,41.382736,2.154902,25.00,3,200.00,32.00,64.00,1,1,1,1,0,150,1
128,138,158,40,41.382736,2.154902,25.00,3,200.00,32.00,64.00,1,1,1,1,0,150,1
129,139,159,40,41.382736,2.154902,25.00,3,200.00,32.00,64.00,1,1,1,1,0,150,1
130,140,160,40,41.382736,2.154902,25.00,3,200.00,32.00,64.00,1,1,1,1,0,150,1
131,141,161,40,41.382736,2.154902,25.00,3,200.00,32.00,64.00,1,1,1,1,0,150,1
132,142,162,40,41.382736,2.154902,25.00,3,200.00,32.00,64.00,1,1,1,1,0,150,1
133,143,163,40,41.382736,2.154902,25.00,3,200.00,32.00,64.00,1,1,1,1,0,150,1
134,144,164,40,41.382736,2.154902,25.00,3,200.00,32.00,64.00,1,1,1,1,0,150,1
135,145,165,40,41.382736,2.154902,25.00,3,200.00,32.00,64.00,1,1,1,1,0,150,1
136,146,166,40,41.382736,2.154902,25.00,3,200.00,32.00,64.00,1,1,1,1,0,150,1
137,147,167,40,41.382736,2.154902,25.00,3,200.00,32.00,64.00,1,1,1,1,0,150,1
138,148,168,40,41.382736,2.154902,25.00,3,200.00,32.00,64.00,1,1,1,1,0,150,1
139,149,169,40,41.382736,2.154902,25.00,3,200.00,32.00,64.00,1,1,1,1,0,150,1
140,150,170,40,41.382736,2.154902,25.00,3,200.00,32.00,64.00,1,1,1,1,0,150,1
141,151,171,40,41.382736,2.154902,25.00,3,200.00,32.00,64.00,1,1,1,1,0,150,1
142,152,172,40,41.382736,2.154902,25.00,3,200.00,32.00,64.00,1,1,1,1,0,150,1
143,153,173,40,41.382736,2.154902,25.00,3,200.00,32.00,64.00,1,1,1,1,0,150,1
144,154,174,40,41.382736,2.154902,25.00,3,200.00,32.00,64.00,1,1,1,1,0,150,1
145,155,175,40,41.382736,2.154902,25.00,3,200.00,32.00,64.00,1,1,1,1,0,150,1
146,156,176,40,41.382736,2.154902,25.00,3,200.00,32.00,64.00,1,1,1,1,0,150,1
147,157,177,40,41.382736,2.154902,25.00,3,200.00,32.00,64.00,1,1,1,1,0,150,1
148,158,178,40,41.382736,2.154902,25.00,3,200.00,32.00,64.00,1,1,1,1,0,150,1
149,159,179,40,41.382736,2.154902,25.00,3,200.00,32.00,64.00,1,1,1,1,0,150,1
150,160,180,40,41.382736,2.154902,25.00,3,200.00,32.00,64.00,1,1,1,1,0,150,1
151,161,181,40,41.382736,2.154902,25.00,3,200.00,32.00,64.00,1,1,1,1,0,150,1
152,162,182,40,41.382736,2.154902,25.00,3,200.00,32.00,64.00,1,1,1,1,0,150,1
153,163,183,40,41.382736,2.154902,25.00,3,200.00,32.00,64.00,1,1,1,1,0,150,1
154,164,184,40,41.382736,2.154902,25.00,3,200.00,32.00,64.00,1,1,1,1,0,150,1
155,165,185,40,41.382736,2.154902,25.00,3,200.00,32.00,64.00,1,1,1,1,0,150,1
156,166,186,40,41.382736,2.154902,25.00,3,200.00,32.00,64.00,1,1,1,1,0,150,1
157,167,187,40,41.382736,2.154902,25.00,3,200.00,32.00,64.00,1,1,1,1,0,150,1
158,168,188,40,41.382736,2.154902,25.00,3,200.00,32.00,64.00,1,1,1,1,0,150,1
159,169,189,40,41.382736,2.154902,25.00,3,200.00,32.00,64.00,1,1,1,1,0,150,1
160,170,190,40,41.382736,2.154902,25.00,3,200.00,32.00,64.00,1,1,1,1,0,150,1
161,171,191,40,41.382736,2.154902,25.00,3,200.00,32.00,64.00,1,1,1,1,0,150,1
162,172,192,40,41.382736,2.154902,25.00,3,200.00,32.00,64.00,1,1,1,1,0,150,1
163,173,193,40,41.382736,2.154902,25.00,3,200.00,32.00,64.00,1,1,1,1,0,150,1
164,174,194,40,41.382736,2.154902,25.00,3,200.00,32.00,64.00,1,1,1,1,0,150,1
165,175,195,40,41.382736,2.154902,25.00,3,200.00,32.00,64.00,1,1,1,1,0,150,1
166,176,196,40,41.382736,2.154902,25.00,3,200.00,32.00,64.00,1,1,1,1,0,150,1
167,177,197,40,41.382736,2.154902,25.00,3,200.00,32.00,64.00,1,1,1,1,0,150,1
168,178,198,40,41.382736,2.154902,25.00,3,200.00,32.00,64.00,1,1,1,1,0,150,1
169,179,199,40,41.382736,2.154902,25.00,3,200.00,32.00,64.00,1,1,1,1,0,150,1
170,180,200,40,41.382736,2.154902,25.00,3,200.00,32.00,64.00,1,1,1,1,0,150,1
171,181,201,40,41.382736,2.154902,25.00,3,200.00,32.00,64.00,1,1,1,1,0,150,1
172,182,202,40,41.382736,2.154902,25.00,3,200.00,32.00,64.00,1,1,1,1,0,150,1
173,183,203,40,41.382736,2.154902,25.00,3,200.00,32.00,64.00,1,1,1,1,0,150,1
174,184,204,40,41.382736,2.154902,25.00,3,200.00,32.00,64.00,1,1,1,1,0,150,1
175,185,205,40,41.382736,2.154902,25.00,3,200.00,32.00,64.00,1,1,1,1,0,150,1
176,186,206,40,41.382736,2.154902,25.00,3,200.00,32.00,64.00,1,1,1,1,0,150,1
177,187,207,40,41.382736,2.154902,25.00,3,200.00,32.00,64.00,1,1,1,1,0,150,1
178,188,208,40,41.382736,2.154902,25.00,3,200.00,32.00,64.00,1,1,1,1,0,150,1
179,189,209,40,41.382736,2.154902,25.00,3,200.00,32.00,64.00,1,1,1,1,0,150,1
180,190,210,40,41.382736,2.154902,25.00,3,200.00,32.00,64.00,1,1,1,1,0,150,1
181,191,211,40,41.382736,2.154902,25.00,3,200.00,32.00,64.00,1,1,1,1,0,150,1
182,192,212,40,41.382736,2.154902,25.00,3,200.00,32.00,64.00,1,1,1,1,0,150,1
183,193,213,40,41.382736,2.154902,25.00,3,200.00,32.00,64.00,1,1,1,1,0,150,1
184,194,214,40,41.382736,2.154902,25.00,3,200.00,32.00,64.00,1,1,1,1,0,150,1
185,195,215,40,41.382736,2.154902,25.00,3,200.00,32.00,64.00,1,1,1,1,0,150,1
186,196,216,40,41.382736,2.154902,25.00,3,200.00,32.00,64.00,1,1,1,1,0,150,1
187,197,217,40,41.382736,2.154902,25.00,3,200.00,32.00,64.00,1,1,1,1,0,150,1
188,198,218,40,41.382736,2.154902,25.00,3,200.00,32.00,64.00,1,1,1,1,0,150,1
189,199,219,40,41.382736,2.154902,25.00,3,200.00,32.00,64.00,1,1,1,1,0,150,1
190,200,220,40,41.382736,2.154902,25.00,3,200.00,32.00,64.00,1,1,1,1,0,150,1
191,201,221,40,41.382736,2.154902,25.00,3,200.00,32.00,64.00,1,1,1,1,0,150,1
192,202,222,40,41.382736,2.154902,25.00,3,200.00,32.00,64.00,1,1,1,1,0,150,1
193,203,223,40,41.382736,2.154902,25.00,3,200.00,32.00,64.00,1,1,1,1,0,150,1
194,204,224,40,41.382736,2.154902,25.00,3,200.00,32.00,64.00,1,1,1,1,0,150,1
195,205,225,40,41.382736,2.154902,25.00,3,200.00,32.00,64.00,1,1,1,1,0,150,1
196,206,226,40,41.382736,2.154902,25.00,3,200.00,32.00,64.00,1,1,1,1,0,150,1
197,207,227,40,41.382736,2.154902,25.00,3,200.00,32.00,64.00,1,1,1,1,0,150,1
198,208,228,40,41.382736,2.154902,25.00,3,200.00,32.00,64.00,1,1,1,1,0,150,1
199,209,229,40,41.382736,2.154902,25.00,3,200.00,32.00,64.00,1,1,1,1,0,150,1
200,210,230,40,41.382736,2.154902,25.00,3,200.00,32.00,64.00,1,1,1,1,0,150,1
201,211,231,40,41.382736,2.154902,25.00,3,200.00,32.00,64.00,1,1,1,1,0,150,1
202,212,232,40,41.382736,2.154902,25.00,3,200.00,32.00,64.00,1,1,1,1,0,150,1
203,213,233,40,41.382736,2.154902,25.00,3,200.00,32.00,64.00,1,1,1,1,0,150,1
204,214,234,40,41.382736,2.154902,25.00,3,200.00,32.00,64.00,1,1,1,1,0,150,1
205,215,235,40,41.382736,2.154902,25.00,3,200.00,32.00,64.00,1,1,1,1,0,150,1
206,216,236,40,41.382736,2.154902,25.00,3,200.00,32.00,64.00,1,1,1,1,0,150,1
207,217,237,40,41.382736,2.154902,25.00,3,200.00,32.00,64.00,1,1,1,1,0,150,1
208,218,238,40,41.382736,2.154902,25.00,3,200.00,32.00,64.00,1,1,1,1,0,150,1
209,219,239,40,41.382736,2.154902,25.00,3,200.00,32.00,64.00,1,1,1,1,0,150,1
210,220,240,40,41.382736,2.154902,25.00,3,200.00,32.00,64.00,1,1,1,1,0,150,1
211,221,241,40,41.382736,2.154902,25.00,3,200.00,32.00,64.00,1,1,1,1,0,150,1
212,222,242,40,41.382736,2.154902,25.00,3,200.00,32.00,64.00,1,1,1,1,0,150,1
213,223,243,40,41.382736,2.154902,25.00,3,200.00,32.00,64.00,1,1,1,1,0,150,1
214,224,244,40,41.382736,2.154902,25.00,3,200.00,32.00,64.00,1,1,1,1,0,150,1
215,225,245,40,41.382736,2.154902,25.00,3,200.00,32.00,64.00,1,1,1,1,0,150,1
216,226,246,40,41.382736,2.154902,25.00,3,200.00,32.00,64.00,1,1,1,1,0,150,1
217,227,247,40,41.382736,2.154902,25.00,3,200.00,32.00,64.00,1,1,1,1,0,150,1
218,228,248,40,41.382736,2.154902,25.00,3,200.00,32.00,64.00,1,1,1,1,0,150,1
219,229,249,40,41.382736,2.154902,25.00,3,200.00,32.00,64.00,1,1,1,1,0,150,1
220,230,250,40,41.382736,2.154902,25.00,3,200.00,32.00,64.00,1,1,1,1,0,150,1
221,231,251,40,41.382736,2.154902,25.00,3,200.00,32.00,64.00,1,1,1,1,0,150,1
222,232,252,40,41.382736,2.154902,25.00,3,200.00,32.00,64.00,1,1,1,1,0,150,1
223,233,253,40,41.382736,2.154902,25.00,3,200.00,32.00,64.00,1,1,1,1,0,150,1
224,234,254,40,41.382736,2.154902,25.00,3,200.00,32.00,64.00,1,1,1,1,0,150,1
225,235,255,40,41.382736,2.154902,25.00,3,200.00,32.00,64.00,1,1,1,1,0,150,1
226,236,256,40,41.382736,2.154902,25.00,3,200.00,32.00,64.00,1,1,1,1,0,150,1
227,237,257,40,41.382736,2.154902,25.00,3,200.00,32.00,64.00,1,1,1,1,0,150,1
228,238,258,40,41.382736,2.154902,25.00,3,200.00,32.00,64.00,1,1,1,1,0,150,1
229,239,259,40,41.382736,2.154902,25.00,3,200.00,32.00,64.00,1,1,1,1,0,150,1
230,240,260,40,41.382736,2.154902,25.00,3,200.00,32.00,64.00,1,1,1,1,0,150,1
231,241,261,40,41.382736,2.154902,25.00,3,200.00,32.00,64.00,1,1,1,1,0,150,1
232,242,262,40,41.382736,2.154902,25.00,3,200.00,32.00,64.00,1,1,1,1,0,150,1
233,243,263,40,41.382736,2.154902,25.00,3,200.00,32.00,64.00,1,1,1,1,0,150,1
234,244,264,40,41.382736,2.154902,25.00,3,200.00,32.00,64.00,1,1,1,1,0,150,1
235,245,265,40,41.382736,2.154902,25.00,3,200.00,32.00,64.00,1,1,1,1,0,150,1
236,246,266,40,41.382736,2.154902,25.00,3,200.00,32.00,64.00,1,1,1,1,0,150,1
237,247,267,40,41.382736,2.154902,25.00,3,200.00,32.00,64.00,1,1,1,1,0,150,1
238,248,268,40,41.382736,2.154902,25.00,3,200.00,32.00,64.00,1,1,1,1,0,150,1
239,249,269,40,41.382736,2.154902,25.00,3,200.00,32.00,64.00,1,1,1,1,0,150,1
240,250,270,40,41.382736,2.154902,25.00,3,200.00,32.00,64.00,1,1,1,1,0,150,1
241,251,271,40,41.382736,2.154902,25.00,3,200.00,32.00,64.00,1,1,1,1,0,150,1
242,252,272,40,41.382736,2.154902,25.00,3,200.00,32.00,64.00,1,1,1,1,0,150,1
243,253,273,40,41.382736,2.154902,25.00,3,200.00,32.00,64.00,1,1,1,1,0,150,1
244,254,274,40,41.382736,2.154902,25.00,3,200.00,32.00,64.00,1,1,1,1,0,150,1
245,255,275,40,41.382736,2.154902,25.00,3,200.00,32.00,64.00,1,1,1,1,0,150,1
246,256,276,40,41.382736,2.154902,25.00,3,200.00,32.00,64.00,1,1,1,1,0,150,1
247,257,277,40,41.382736,2.154902,25.00,3,200.00,32.00,64.00,1,1,1,1,0,150,1
248,258,278,40,41.382736,2.154902,25.00,3,200.00,32.00,64.00,1,1,1,1,0,150,1
249,259,279,40,41.382736,2.154902,25.00,3,200.00,32.00,64.00,1,1,1,1,0,150,1
250,260,280,40,41.382736,2.154902,25.00,3,200.00,32.00,64.00,1,1,1,1,0,150,1
251,261,281,40,41.382736,2.154902,25.00,3,200.00,32.00,64.00,1,1,1,1,0,150,1
252,262,282,40,41.382736,2.154902,25.00,3,200.00,32.00,64.00,1,1,1,1,0,150,1
253,263,283,40,41.382736,2.154902,25.00,3,200.00,32.00,64.00,1,1,1,1,0,150,1
254,264,284,40,41.382736,2.154902,25.00,3,200.00,32.00,64.00,1,1,1,1,0,150,1
255,265,285,40,41.382736,2.154902,25.00,3,200.00,32.00,64.00,1,1,1,1,0,150,1
256,266,286,40,41.382736,2.154902,25.00,3,200.00,32.00,64.00,1,1,1,1,0,150,1
257,267,287,40,41.382736,2.154902,25.00,3,200.00,32.00,64.00,1,1,1,1,0,150,1
258,268,288,40,41.382736,2.154902,25.00,3,200.00,32.00,64.00,1,1,1,1,0,150,1
259,269,289,40,41.382736,2.154902,25.00,3,200.00,32.00,64.00,1,1,1,1,0,150,1
260,270,290,40,41.382736,2.154902,25.00,3,200.00,32.00,64.00,1,1,1,1,0,150,1
261,271,291,40,41.382736,2.154902,25.00,3,200.00,32.00,64.00,1,1,1,1,0,150,1
262,272,292,40,41.382736,2.154902,25.00,3,200.00,32.00,64.00,1,1,1,1,0,150,1
263,273,293,40,41.382736,2.154902,25.00,3,200.00,32.00,64.00,1,1,1,1,0,150,1
264,274,294,40,41.382736,2.154902,25.00,3,200.00,32.00,64.00,1,1,1,1,0,150,1
265,275,295,40,41.382736,2.154902,25.00,3,200.00,32.00,64.00,1,1,1,1,0,150,1
266,276,296,40,41.382736,2.154902,25.00,3,200.00,32.00,64.00,1,1,1,1,0,150,1
267,277,297,40,41.382736,2.154902,25.00,3,200.00,32.00,64.00,1,1,1,1,0,150,1
268,278,298,40,41.382736,2.154902,25.00,3,200.00,32.00,64.00,1,1,1,1,0,150,1
269,279,299,40,41.382736,2.154902,25.00,3,200.00,32.00,64.00,1,1,1,1,0,150,1
270,280,300,40,41.382736,2.154902,25.00,3,200.00,32.00,64.00,1,1,1,1,0,150,1
271,281,301,40,41.382736,2.154902,25.00,3,200.00,32.00,64.00,1,1,1,1,0,150,1
272,282,302,40,41.382736,2.154902,25.00,3,200.00,32.00,64.00,1,1,1,1,0,150,1
273,N/A,303,40,41.382736,2.154902,25.00,3,200.00,32.00,64.00,1,1,1,1,0,150,1
274,284,304,40,41.382736,2.154902,25.00,3,200.00,32.00,64.00,1,1,1,1,0,150,1
275,285,305,40,41.382736,2.154902,25.00,3,200.00,32.00,64.00,1,1,1,1,0,150,1
276,286,306,40,41.382736,2.154902,25.00,3,200.00,32.00,64.00,1,1,1,1,0,150,1
277,287,307,40,41.382736,2.154902,25.00,3,200.00,32.00,64.00,1,1,1,1,0,150,1
278,288,308,40,41.382736,2.154902,25.00,3,200.00,32.00,64.00,1,1,1,1,0,150,1
279,289,309,40,41.382736,2.154902,25.00,3,200.00,32.00,64.00,1,1,1,1,0,150,1
280,290,310,40,41.382736,2.154902,25.00,3,200.00,32.00,64.00,1,1,1,1,0,150,1
281,291,311,40,41.382736,2.154902,25.00,3,200.00,32.00,64.00,1,1,1,1,0,150,1
282,292,312,40,41.382736,2.154902,25.00,3,200.00,32.00,64.00,1,1,1,1,0,150,1
283,293,313,40,41.382736,2.154902,25.00,3,200.00,32.00,64.00,1,1,1,1,0,150,1
284,294,314,40,41.382736,2.154902,25.00,3,200.00,32.00,64.00,1,1,1,1,0,150,1
285,295,315,40,41.382736,2.154902,25.00,3,200.00,32.00,64.00,1,1,1,1,0,150,1
286,296,316,40,41.382736,2.154902,25.00,3,200.00,32.00,64.00,1,1,1,1,0,150,1
287,297,317,40,41.382736,2.154902,25.00,3,200.00,32.00,64.00,1,1,1,1,0,150,1
288,298,318,40,41.382736,2.154902,25.00,3,200.00,32.00,64.00,1,1,1,1,0,150,1
289,299,319,40,41.382736,2.154902,25.00,3,200.00,32.00,64.00,1,1,1,1,0,150,1
290,300,320,40,41.382736,2.154902,25.00,3,200.00,32.00,64.00,1,1,1,1,0,150,1
291,301,321,40,41.382736,2.154902,25.00,3,200.00,32.00,64.00,1,1,1,1,0,150,1
292,302,322,40,41.382736,2.154902,25.00,3,200.00,32.00,64.00,1,1,1,1,0,150,1
293,303,323,40,41.382736,2.154902,25.00,3,200.00,32.00,64.00,1,1,1,1,0,150,1
294,304,324,40,41.382736,2.154902,25.00,3,200.00,32.00,64.00,1,1,1,1,0,150,1
295,305,325,40,41.382736,2.154902,25.00,3,200.00,32.00,64.00,1,1,1,1,0,150,1
296,306,326,40,41.382736,2.154902,25.00,3,200.00,32.00,64.00,1,1,1,1,0,150,1
297,307,327,40,41.382736,2.154902,25.00,3,200.00,32.00,64.00,1,1,1,1,0,150,1
298,308,328,40,41.382736,2.154902,25.00,3,200.00,32.00,64.00,1,1,1,1,0,150,1
299,309,329,40,41.382736,2.154902,25.00,3,200.00,32.00,64.00,1,1,1,1,0,150,1
300,310,330,40,41.382736,2.154902,25.00,3,200.00,32.00,64.00,1,1,1,1,0,150,1
301,311,331,40,41.382736,2.154902,25.00,3,200.00,32.00,64.00,1,1,1,1,0,150,1
302,312,332,40,41.382736,2.154902,25.00,3,200.00,32.00,64.00,1,1,1,1,0,150,1
303,313,333,40,41.382736,2.154902,25.00,3,200.00,32.00,64.00,1,1,1,1,0,150,1
304,314,334,40,41.382736,2.154902,25.00,3,200.00,32.00,64.00,1,1,1,1,0,150,1
305,315,335,40,41.382736,2.154902,25.00,3,200.00,32.00,64.00,1,1,1,1,0,150,1
306,316,336,40,41.382736,2.154902,25.00,3,200.00,32.00,64.00,1,1,1,1,0,150,1
307,317,337,40,41.382736,2.154902,25.00,3,200.00,32.00,64.00,1,1,1,1,0,150,1
308,318,338,40,41.382736,2.154902,25.00,3,200.00,32.00,64.00,1,1,1,1,0,150,1
309,319,339,40,41.382736,2.154902,25.00,3,200.00,32.00,64.00,1,1,1,1,0,150,1
310,320,340,40,41.382736,2.154902,25.00,3,200.00,32.00,64.00,1,1,1,1,0,150,1
311,321,341,40,41.382736,2.154902,25.00,3,200.00,32.00,64.00,1,1,1,1,0,150,1
312,322,342,40,41.382736,2.154902,25.00,3,200.00,32.00,64.00,1,1,1,1,0,150,1
313,323,343,40,41.382736,2.154902,25.00,3,200.00,32.00,64.00,1,1,1,1,0,150,1
314,324,344,40,41.382736,2.154902,25.00,3,200.00,32.00,64.00,1,1,1,1,0,150,1
315,325,345,40,41.382736,2.154902,25.00,3,200.00,32.00,64.00,1,1,1,1,0,150,1
316,326,346,40,41.382736,2.154902,25.00,3,200.00,32.00,64.00,1,1,1,1,0,150,1
317,327,347,40,41.382736,2.154902,25.00,3,200.00,32.00,64.00,1,1,1,1,0,150,1
318,328,348,40,41.382736,2.154902,25.00,3,200.00,32.00,64.00,1,1,1,1,0,150,1
319,329,349,40,41.382736,2.154902,25.00,3,200.00,32.00,64.00,1,1,1,1,0,150,1
320,330,350,40,41.382736,2.154902,25.00,3,200.00,32.00,64.00,1,1,1,1,0,150,1
321,331,351,40,41.382736,2.154902,25.00,3,200.00,32.00,64.00,1,1,1,1,0,150,1
322,332,352,40,41.382736,2.154902,25.00,3,200.00,32.00,64.00,1,1,1,1,0,150,1
323,333,353,40,41.382736,2.154902,25.00,3,200.00,32.00,64.00,1,1,1,1,0,150,1
324,334,354,40,41.382736,2.154902,25.00,3,200.00,32.00,64.00,1,1,1,1,0,150,1
325,335,355,40,41.382736,2.154902,25.00,3,200.00,32.00,64.00,1,1,1,1,0,150,1
326,336,356,40,41.382736,2.154902,25.00,3,200.00,32.00,64.00,1,1,1,1,0,150,1
327,337,357,40,41.382736,2.154902,25.00,3,200.00,32.00,64.00,1,1,1,1,0,150,1
328,338,358,40,41.382736,2.154902,25.00,3,200.00,32.00,64.00,1,1,1,1,0,150,1
329,339,359,40,41.382736,2.154902,25.00,3,200.00,32.00,64.00,1,1,1,1,0,150,1
330,340,360,40,41.382736,2.154902,25.00,3,200.00,32.00,64.00,1,1,1,1,0,150,1
331,341,361,40,41.382736,2.154902,25.00,3,200.00,32.00,64.00,1,1,1,1,0,150,1
332,342,362,40,41.382736,2.154902,25.00,3,200.00,32.00,64.00,1,1,1,1,0,150,1
333,343,363,40,41.382736,2.154902,25.00,3,200.00,32.00,64.00,1,1,1,1,0,150,1
334,344,364,40,41.382736,2.154902,25.00,3,200.00,32.00,64.00,1,1,1,1,0,150,1
335,345,365,40,41.382736,2.154902,25.00,3,200.00,32.00,64.00,1,1,1,1,0,150,1
336,346,366,40,41.382736,2.154902,25.00,3,200.00,32.00,64.00,1,1,1,1,0,150,1
337,347,367,40,41.382736,2.154902,25.00,3,200.00,32.00,64.00,1,1,1,1,0,150,1
338,348,368,40,41.382736,2.154902,25.00,3,200.00,32.00,64.00,1,1,1,1,0,150,1
339,349,369,40,41.382736,2.154902,25.00,3,200.00,32.00,64.00,1,1,1,1,0,150,1
340,350,370,40,41.382736,2.154902,25.00,3,200.00,32.00,64.00,1,1,1,1,0,150,1
341,351,371,40,41.382736,2.154902,25.00,3,200.00,32.00,64.00,1,1,1,1,0,150,1
342,352,372,40,41.382736,2.154902,25.00,3,200.00,32.00,64.00,1,1,1,1,0,150,1
343,353,373,40,41.382736,2.154902,25.00,3,200.00,32.00,64.00,1,1,1,1,0,150,1
344,354,374,40,41.382736,2.154902,25.00,3,200.00,32.00,64.00,1,1,1,1,0,150,1
345,355,375,40,41.382736,2.154902,25.00,3,200.00,32.00,64.00,1,1,1,1,0,150,1
346,356,376,40,41.382736,2.154902,25.00,3,200.00,32.00,64.00,1,1,1,1,0,150,1
347,357,377,40,41.382736,2.154902,25.00,3,200.00,32.00,64.00,1,1,1,1,0,150,1
348,358,378,40,41.382736,2.154902,25.00,3,200.00,32.00,64.00,1,1,1,1,0,150,1
349,359,379,40,41.382736,2.154902,25.00,3,200.00,32.00,64.00,1,1,1,1,0,150,1
350,360,380,40,41.382736,2.154902,25.00,3,200.00,32.00,64.00,1,1,1,1,0,150,1
351,361,381,40,41.382736,2.154902,25.00,3,200.00,32.00,64.00,1,1,1,1,0,150,1
352,362,382,40,41.382736,2.154902,25.00,3,200.00,32.00,64.00,1,1,1,1,0,150,1
353,363,383,40,41.382736,2.154902,25.00,3,200.00,32.00,64.00,1,1,1,1,0,150,1
354,364,384,40,41.382736,2.154902,25.00,3,200.00,32.00,64.00,1,1,1,1,0,150,1
355,365,385,40,41.382736,2.154902,25.00,3,200.00,32.00,64.00,1,1,1,1,0,150,1
356,366,386,40,41.382736,2.154902,25.00,3,200.00,32.00,64.00,1,1,1,1,0,150,1
357,367,387,40,41.382736,2.154902,25.00,3,200.00,32.00,64.00,1,1,1,1,0,150,1
358,368,388,40,41.382736,2.154902,25.00,3,200.00,32.00,64.00,1,1,1,1,0,150,1
359,369,389,40,41.382736,2.154902,25.00,3,200.00,32.00,64.00,1,1,1,1,0,150,1
360,370,390,40,41.382736,2.154902,25.00,3,200.00,32.00,64.00,1,1,1,1,0,150,1
361,371,391,40,41.382736,2.154902,25.00,3,200.00,32.00,64.00,1,1,1,1,0,150,1
362,372,392,40,41.382736,2.154902,25.00,3,200.00,32.00,64.00,1,1,1,1,0,150,1
363,373,393,40,41.382736,2.154902,25.00,3,200.00,32.00,64.00,1,1,1,1,0,150,1
364,374,394,40,41.382736,2.154902,25.00,3,200.00,32.00,64.00,1,1,1,1,0,150,1
365,375,395,40,41.382736,2.154902,25.00,3,200.00,32.00,64.00,1,1,1,1,0,150,1
366,376,396,40,41.382736,2.154902,25.00,3,200.00,32.00,64.00,1,1,1,1,0,150,1
367,377,397,40,41.382736,2.154902,25.00,3,200.00,32.00,64.00,1,1,1,1,0,150,1
368,378,398,40,41.382736,2.154902,25.00,3,200.00,32.00,64.00,1,1,1,1,0,150,1
369,379,399,40,41.382736,2.154902,25.00,3,200.00,32.00,64.00,1,1,1,1,0,150,1
370,380,400,40,41.382736,2.154902,25.00,3,200.00,32.00,64.00,1,1,1,1,0,150,1
371,381,401,40,41.382736,2.154902,25.00,3,200.00,32.00,64.00,1,1,1,1,0,150,1
372,382,402,40,41.382736,2.154902,25.00,3,200.00,32.00,64.00,1,1,1,1,0,150,1
373,383,403,40,41.382736,2.154902,25.00,3,200.00,32.00,64.00,1,1,1,1,0,150,1
374,384,404,40,41.382736,2.154902,25.00,3,200.00,32.00,64.00,1,1,1,1,0,150,1
375,385,405,40,41.382736,2.154902,25.00,3,200.00,32.00,64.00,1,1,1,1,0,150,1
376,386,406,40,41.382736,2.154902,25.00,3,200.00,32.00,64.00,1,1,1,1,0,150,1
377,387,407,40,41.382736,2.154902,25.00,3,200.00,32.00,64.00,1,1,1,1,0,150,1
378,388,408,40,41.382736,2.154902,25.00,3,200.00,32.00,64.00,1,1,1,1,0,150,1
379,389,409,40,41.382736,2.154902,25.00,3,200.00,32.00,64.00,1,1,1,1,0,150,1
380,390,410,40,41.382736,2.154902,25.00,3,200.00,32.00,64.00,1,1,1,1,0,150,1
381,391,411,40,41.382736,2.154902,25.00,3,200.00,32.00,64.00,1,1,1,1,0,150,1
382,392,412,40,41.382736,2.154902,25.00,3,200.00,32.00,64.00,1,1,1,1,0,150,1
383,393,413,40,41.382736,2.154902,25.00,3,200.00,32.00,64.00,1,1,1,1,0,150,1
384,394,414,40,41.382736,2.154902,25.00,3,200.00,32.00,64.00,1,1,1,1,0,150,1
385,395,415,40,41.382736,2.154902,25.00,3,200.00,32.00,64.00,1,1,1,1,0,150,1
386,396,416,40,41.382736,2.154902,25.00,3,200.00,32.00,64.00,1,1,1,1,0,150,1
387,397,417,40,41.382736,2.154902,25.00,3,200.00,32.00,64.00,1,1,1,1,0,150,1
388,398,418,40,41.382736,2.154902,25.00,3,200.00,32.00,64.00,1,1,1,1,0,150,1
389,399,419,40,41.382736,2.154902,25.00,3,200.00,32.00,64.00,1,1,1,1,0,150,1
390,400,420,40,41.382736,2.154902,25.00,3,200.00,32.00,64.00,1,1,1,1,0,150,1
391,401,421,40,41.382736,2.154902,25.00,3,200.00,32.00,64.00,1,1,1,1,0,150,1
392,402,422,40,41.382736,2.154902,25.00,3,200.00,32.00,64.00,1,1,1,1,0,150,1
393,403,423,40,41.382736,2.154902,25.00,3,200.00,32.00,64.00,1,1,1,1,0,150,1
394,404,424,40,41.382736,2.154902,25.00,3,200.00,32.00,64.00,1,1,1,1,0,150,1
395,405,425,40,41.382736,2.154902,25.00,3,200.00,32.00,64.00,1,1,1,1,0,150,1
396,406,426,40,41.382736,2.154902,25.00,3,200.00,32.00,64.00,1,1,1,1,0,150,1
397,407,427,40,41.382736,2.154902,25.00,3,200.00,32.00,64.00,1,1,1,1,0,150,1
398,408,428,40,41.382736,2.154902,25.00,3,200.00,32.00,64.00,1,1,1,1,0,150,1
399,409,429,40,41.382736,2.154902,25.00,3,200.00,32.00,64.00,1,1,1,1,0,150,1
400,410,430,40,41.382736,2.154902,25.00,3,200.00,32.00,64.00,1,1,1,1,0,150,1
401,411,431,40,41.382736,2.154902,25.00,3,200.00,32.00,64.00,1,1,1,1,0,150,1
402,412,432,40,41.382736,2.154902,25.00,3,200.00,32.00,64.00,1,1,1,1,0,150,1
403,413,433,40,41.382736,2.154902,25.00,3,200.00,32.00,64.00,1,1,1,1,0,150,1
404,414,434,40,41.382736,2.154902,25.00,3,200.00,32.00,64.00,1,1,1,1,0,150,1
405,415,435,40,41.382736,2.154902,25.00,3,200.00,32.00,64.00,1,1,1,1,0,150,1
406,416,436,40,41.382736,2.154902,25.00,3,200.00,32.00,64.00,1,1,1,1,0,150,1
407,417,437,40,41.382736,2.154902,25.00,3,200.00,32.00,64.00,1,1,1,1,0,150,1
408,418,438,40,41.382736,2.154902,25.00,3,200.00,32.00,64.00,1,1,1,1,0,150,1
409,419,439,40,41.382736,2.154902,25.00,3,200.00,32.00,64.00,1,1,1,1,0,150,1
410,420,440,40,41.382736,2.154902,25.00,3,200.00,32.00,64.00,1,1,1,1,0,150,1
411,421,441,40,41.382736,2.154902,25.00,3,200.00,32.00,64.00,1,1,1,1,0,150,1
412,422,442,40,41.382736,2.154902,25.00,3,200.00,32.00,64.00,1,1,1,1,0,150,1
413,423,443,40,41.382736,2.154902,25.00,3,200.00,32.00,64.00,1,1,1,1,0,150,1
414,424,444,40,41.382736,2.154902,25.00,3,200.00,32.00,64.00,1,1,1,1,0,150,1
415,425,445,40,41.382736,2.154902,25.00,3,200.00,32.00,64.00,1,1,1,1,0,150,1
416,426,446,40,41.382736,2.154902,25.00,3,200.00,32.00,64.00,1,1,1,1,0,150,1
417,427,447,40,41.382736,2.154902,25.00,3,200.00,32.00,64.00,1,1,1,1,0,150,1
418,428,448,40,41.382736,2.154902,25.00,3,200.00,32.00,64.00,1,1,1,1,0,150,1
419,429,449,40,41.382736,2.154902,25.00,3,200.00,32.00,64.00,1,1,1,1,0,150,1
420,430,450,40,41.382736,2.154902,25.00,3,200.00,32.00,64.00,1,1,1,1,0,150,1
421,431,451,40,41.382736,2.154902,25.00,3,200.00,32.00,64.00,1,1,1,1,0,150,1
422,432,452,40,41.382736,2.154902,25.00,3,200.00,32.00,64.00,1,1,1,1,0,150,1
423,433,453,40,41.382736,2.154902,25.00,3,200.00,32.00,64.00,1,1,1,1,0,150,1
424,434,454,40,41.382736,2.154902,25.00,3,200.00,32.00,64.00,1,1,1,1,0,150,1
425,435,455,40,41.382736,2.154902,25.00,3,200.00,32.00,64.00,1,1,1,1,0,150,1
426,436,456,40,41.382736,2.154902,25.00,3,200.00,32.00,64.00,1,1,1,1,0,150,1
427,437,457,40,41.382736,2.154902,25.00,3,200.00,32.00,64.00,1,1,1,1,0,150,1
428,438,458,40,41.382736,2.154902,25.00,3,200.00,32.00,64.00,1,1,1,1,0,150,1
429,439,459,40,41.382736,2.154902,25.00,3,200.00,32.00,64.00,1,1,1,1,0,150,1
430,440,460,40,41.382736,2.154902,25.00,3,200.00,32.00,64.00,1,1,1,1,0,150,1
431,441,461,40,41.382736,2.154902,25.00,3,200.00,32.00,64.00,1,1,1,1,0,150,1
432,442,462,40,41.382736,2.154902,25.00,3,200.00,32.00,64.00,1,1,1,1,0,150,1
433,443,463,40,41.382736,2.154902,25.00,3,200.00,32.00,64.00,1,1,1,1,0,150,1
434,444,464,40,41.382736,2.154902,25.00,3,200.00,32.00,64.00,1,1,1,1,0,150,1
435,445,465,40,41.382736,2.154902,25.00,3,200.00,32.00,64.00,1,1,1,1,0,150,1
436,446,466,40,41.382736,2.154902,25.00,3,200.00,32.00,64.00,1,1,1,1,0,150,1
437,447,467,40,41.382736,2.154902,25.00,3,200.00,32.00,64.00,1,1,1,1,0,150,1
438,448,468,40,41.382736,2.154902,25.00,3,200.00,32.00,64.00,1,1,1,1,0,150,1
439,449,469,40,41.382736,2.154902,25.00,3,200.00,32.00,64.00,1,1,1,1,0,150,1
440,N/A,470,40,41.382736,2.154902,25.00,3,200.00,32.00,64.00,1,1,1,1,0,150,1
441,451,471,40,41.382736,2.154902,25.00,3,200.00,32.00,64.00,1,1,1,1,0,150,1
442,452,472,40,41.382736,2.154902,25.00,3,200.00,32.00,64.00,1,1,1,1,0,150,1
443,453,473,40,41.382736,2.154902,25.00,3,200.00,32.00,64.00,1,1,1,1,0,150,1
444,454,474,40,41.382736,2.154902,25.00,3,200.00,32.00,64.00,1,1,1,1,0,150,1
445,455,475,40,41.382736,2.154902,25.00,3,200.00,32.00,64.00,1,1,1,1,0,150,1
446,456,476,40,41.382736,2.154902,25.00,3,200.00,32.00,64.00,1,1,1,1,0,150,1
447,457,477,40,41.382736,2.154902,25.00,3,200.00,32.00,64.00,1,1,1,1,0,150,1
448,458,478,40,41.382736,2.154902,25.00,3,200.00,32.00,64.00,1,1,1,1,0,150,1
449,459,479,40,41.382736,2.154902,25.00,3,200.00,32.00,64.00,1,1,1,1,0,150,1
450,460,480,40,41.382736,2.154902,25.00,3,200.00,32.00,64.00,1,1,1,1,0,150,1
451,461,481,40,41.382736,2.154902,25.00,3,200.00,32.00,64.00,1,1,1,1,0,150,1
452,462,482,40,41.382736,2.154902,25.00,3,200.00,32.00,64.00,1,1,1,1,0,150,1
453,463,483,40,41.382736,2.154902,25.00,3,200.00,32.00,64.00,1,1,1,1,0,150,1
454,464,484,40,41.382736,2.154902,25.00,3,200.00,32.00,64.00,1,1,1,1,0,150,1
455,465,485,40,41.382736,2.154902,25.00,3,200.00,32.00,64.00,1,1,1,1,0,150,1
456,466,486,40,41.382736,2.154902,25.00,3,200.00,32.00,64.00,1,1,1,1,0,150,1
457,467,487,40,41.382736,2.154902,25.00,3,200.00,32.00,64.00,1,1,1,1,0,150,1
458,468,488,40,41.382736,2.154902,25.00,3,200.00,32.00,64.00,1,1,1,1,0,150,1
459,469,489,40,41.382736,2.154902,25.00,3,200.00,32.00,64.00,1,1,1,1,0,150,1
460,470,490,40,41.382736,2.154902,25.00,3,200.00,32.00,64.00,1,1,1,1,0,150,1
461,471,491,40,41.382736,2.154902,25.00,3,200.00,32.00,64.00,1,1,1,1,0,150,1
462,472,492,40,41.382736,2.154902,25.00,3,200.00,32.00,64.00,1,1,1,1,0,150,1
463,473,493,40,41.382736,2.154902,25.00,3,200.00,32.00,64.00,1,1,1,1,0,150,1
464,474,494,40,41.382736,2.154902,25.00,3,200.00,32.00,64.00,1,1,1,1,0,150,1
465,475,495,40,41.382736,2.154902,25.00,3,200.00,32.00,64.00,1,1,1,1,0,150,1
466,476,496,40,41.382736,2.154902,25.00,3,200.00,32.00,64.00,1,1,1,1,0,150,1
467,477,497,40,41.382736,2.154902,25.00,3,200.00,32.00,64.00,1,1,1,1,0,150,1
468,478,498,40,41.382736,2.154902,25.00,3,200.00,32.00,64.00,1,1,1,1,0,150,1
469,479,499,40,41.382736,2.154902,25.00,3,200.00,32.00,64.00,1,1,1,1,0,150,1
470,480,500,40,41.382736,2.154902,25.00,3,200.00,32.00,64.00,1,1,1,1,0,150,1
471,481,501,40,41.382736,2.154902,25.00,3,200.00,32.00,64.00,1,1,1,1,0,150,1
472,482,502,40,41.382736,2.154902,25.00,3,200.00,32.00,64.00,1,1,1,1,0,150,1
473,483,503,40,41.382736,2.154902,25.00,3,200.00,32.00,64.00,1,1,1,1,0,150,1
474,484,504,40,41.382736,2.154902,25.00,3,200.00,32.00,64.00,1,1,1,1,0,150,1
475,485,505,40,41.382736,2.154902,25.00,3,200.00,32.00,64.00,1,1,1,1,0,150,1
476,486,506,40,41.382736,2.154902,25.00,3,200.00,32.00,64.00,1,1,1,1,0,150,1
477,487,507,40,41.382736,2.154902,25.00,3,200.00,32.00,64.00,1,1,1,1,0,150,1
478,488,508,40,41.382736,2.154902,25.00,3,200.00,32.00,64.00,1,1,1,1,0,150,1
479,489,509,40,41.382736,2.154902,25.00,3,200.00,32.00,64.00,1,1,1,1,0,150,1
480,490,510,40,41.382736,2.154902,25.00,3,200.00,32.00,64.00,1,1,1,1,0,150,1
481,491,511,40,41.382736,2.154902,25.00,3,200.00,32.00,64.00,1,1,1,1,0,150,1
482,492,512,40,41.382736,2.154902,25.00,3,200.00,32.00,64.00,1,1,1,1,0,150,1
483,493,513,40,41.382736,2.154902,25.00,3,200.00,32.00,64.00,1,1,1,1,0,150,1
484,494,514,40,41.382736,2.154902,25.00,3,200.00,32.00,64.00,1,1,1,1,0,150,1
485,495,515,40,41.382736,2.154902,25.00,3,200.00,32.00,64.00,1,1,1,1,0,150,1
486,496,516,40,41.382736,2.154902,25.00,3,200.00,32.00,64.00,1,1,1,1,0,150,1
487,497,517,40,41.382736,2.154902,25.00,3,200.00,32.00,64.00,1,1,1,1,0,150,1
488,498,518,40,41.382736,2.154902,25.00,3,200.00,32.00,64.00,1,1,1,1,0,150,1
489,499,519,40,41.382736,2.154902,25.00,3,200.00,32.00,64.00,1,1,1,1,0,150,1
490,500,520,40,41.382736,2.154902,25.00,3,200.00,32.00,64.00,1,1,1,1,0,150,1
491,501,521,40,41.382736,2.154902,25.00,3,200.00,32.00,64.00,1,1,1,1,0,150,1
492,502,522,40,41.382736,2.154902,25.00,3,200.00,32.00,64.00,1,1,1,1,0,150,1
493,503,523,40,41.382736,2.154902,25.00,3,200.00,32.00,64.00,1,1,1,1,0,150,1
494,504,524,40,41.382736,2.154902,25.00,3,200.00,32.00,64.00,1,1,1,1,0,150,1
495,505,525,40,41.382736,2.154902,25.00,3,200.00,32.00,64.00,1,1,1,1,0,150,1
496,506,526,40,41.382736,2.154902,25.00,3,200.00,32.00,64.00,1,1,1,1,0,150,1
497,507,527,40,41.382736,2.154902,25.00,3,200.00,32.00,64.00,1,1,1,1,0,150,1
498,508,528,40,41.382736,2.154902,25.00,3,200.00,32.00,64.00,1,1,1,1,0,150,1
499,509,529,40,41.382736,2.154902,25.00,3,200.00,32.00,64.00,1,1,1,1,0,150,1
500,510,530,40,41.382736,2.154902,25.00,3,200.00,32.00,64.00,1,1,1,1,0,150,1
501,511,531,40,41.382736,2.154902,25.00,3,200.00,32.00,64.00,1,1,1,1,0,150,1
502,512,532,40,41.382736,2.154902,25.00,3,200.00,32.00,64.00,1,1,1,1,0,150,1
503,513,533,40,41.382736,2.154902,25.00,3,200.00,32.00,64.00,1,1,1,1,0,150,1
504,514,534,40,41.382736,2.154902,25.00,3,200.00,32.00,64.00,1,1,1,1,0,150,1
505,515,535,40,41.382736,2.154902,25.00,3,200.00,32.00,64.00,1,1,1,1,0,150,1
506,516,536,40,41.382736,2.154902,25.00,3,200.00,32.00,64.00,1,1,1,1,0,150,1
507,517,537,40,41.382736,2.154902,25.00,3,200.00,32.00,64.00,1,1,1,1,0,150,1
508,518,538,40,41.382736,2.154902,25.00,3,200.00,32.00,64.00,1,1,1,1,0,150,1
509,519,539,40,41.382736,2.154902,25.00,3,200.00,32.00,64.00,1,1,1,1,0,150,1
510,520,540,40,41.382736,2.154902,25.00,3,200.00,32.00,64.00,1,1,1,1,0,150,1
511,521,541,40,41.382736,2.154902,25.00,3,200.00,32.00,64.00,1,1,1,1,0,150,1
512,522,542,40,41.382736,2.154902,25.00,3,200.00,32.00,64.00,1,1,1,1,0,150,1
513,523,543,40,41.382736,2.154902,25.00,3,200.00,32.00,64.00,1,1,1,1,0,150,1
514,524,544,40,41.382736,2.154902,25.00,3,200.00,32.00,64.00,1,1,1,1,0,150,1
515,525,545,40,41.382736,2.154902,25.00,3,200.00,32.00,64.00,1,1,1,1,0,150,1
516,526,546,40,41.382736,2.154902,25.00,3,200.00,32.00,64.00,1,1,1,1,0,150,1
517,527,547,40,41.382736,2.154902,25.00,3,200.00,32.00,64.00,1,1,1,1,0,150,1
518,528,548,40,41.382736,2.154902,25.00,3,200.00,32.00,64.00,1,1,1,1,0,150,1
519,529,549,40,41.382736,2.154902,25.00,3,200.00,32.00,64.00,1,1,1,1,0,150,1
520,530,550,40,41.382736,2.154902,25.00,3,200.00,32.00,64.00,1,1,1,1,0,150,1
521,531,551,40,41.382736,2.154902,25.00,3,200.00,32.00,64.00,1,1,1,1,0,150,1
522,532,552,40,41.382736,2.154902,25.00,3,200.00,32.00,64.00,1,1,1,1,0,150,1
523,533,553,40,41.382736,2.154902,25.00,3,200.00,32.00,64.00,1,1,1,1,0,150,1
524,534,554,40,41.382736,2.154902,25.00,3,200.00,32.00,64.00,1,1,1,1,0,150,1
525,535,555,40,41.382736,2.154902,25.00,3,200.00,32.00,64.00,1,1,1,1,0,150,1
526,536,556,40,41.382736,2.154902,25.00,3,200.00,32.00,64.00,1,1,1,1,0,150,1
527,537,557,40,41.382736,2.154902,25.00,3,200.00,32.00,64.00,1,1,1,1,0,150,1
528,538,558,40,41.382736,2.154902,25.00,3,200.00,32.00,64.00,1,1,1,1,0,150,1
529,539,559,40,41.382736,2.154902,25.00,3,200.00,32.00,64.00,1,1,1,1,0,150,1
530,540,560,40,41.382736,2.154902,25.00,3,200.00,32.00,64.00,1,1,1,1,0,150,1
531,541,561,40,41.382736,2.154902,25.00,3,200.00,32.00,64.00,1,1,1,1,0,150,1
532,542,562,40,41.382736,2.154902,25.00,3,200.00,32.00,64.00,1,1,1,1,0,150,1
533,543,563,40,41.382736,2.154902,25.00,3,200.00,32.00,64.00,1,1,1,1,0,150,1
534,544,564,40,41.382736,2.154902,25.00,3,200.00,32.00,64.00,1,1,1,1,0,150,1
535,545,565,40,41.382736,2.154902,25.00,3,200.00,32.00,64.00,1,1,1,1,0,150,1
536,546,566,40,41.382736,2.154902,25.00,3,200.00,32.00,64.00,1,1,1,1,0,150,1
537,547,567,40,41.382736,2.154902,25.00,3,200.00,32.00,64.00,1,1,1,1,0,150,1
538,548,568,40,41.382736,2.154902,25.00,3,200.00,32.00,64.00,1,1,1,1,0,150,1
539,549,569,40,41.382736,2.154902,25.00,3,200.00,32.00,64.00,1,1,1,1,0,150,1
540,550,570,40,41.382736,2.154902,25.00,3,200.00,32.00,64.00,1,1,1,1,0,150,1
541,551,571,40,41.382736,2.154902,25.00,3,200.00,32.00,64.00,1,1,1,1,0,150,1
542,552,572,40,41.382736,2.154902,25.00,3,200.00,32.00,64.00,1,1,1,1,0,150,1
543,553,573,40,41.382736,2.154902,25.00,3,200.00,32.00,64.00,1,1,1,1,0,150,1
544,554,574,40,41.382736,2.154902,25.00,3,200.00,32.00,64.00,1,1,1,1,0,150,1
545,555,575,40,41.382736,2.154902,25.00,3,200.00,32.00,64.00,1,1,1,1,0,150,1
546,556,576,40,41.382736,2.154902,25.00,3,200.00,32.00,64.00,1,1,1,1,0,150,1
547,557,577,40,41.382736,2.154902,25.00,3,200.00,32.00,64.00,1,1,1,1,0,150,1
548,558,578,40,41.382736,2.154902,25.00,3,200.00,32.00,64.00,1,1,1,1,0,150,1
549,559,579,40,41.382736,2.154902,25.00,3,200.00,32.00,64.00,1,1,1,1,0,150,1
550,560,580,40,41.382736,2.154902,25.00,3,200.00,32.00,64.00,1,1,1,1,0,150,1
551,561,581,40,41.382736,2.154902,25.00,3,200.00,32.00,64.00,1,1,1,1,0,150,1
552,562,582,40,41.382736,2.154902,25.00,3,200.00,32.00,64.00,1,1,1,1,0,150,1
553,563,583,40,41.382736,2.154902,25.00,3,200.00,32.00,64.00,1,1,1,1,0,150,1
554,564,584,40,41.382736,2.154902,25.00,3,200.00,32.00,64.00,1,1,1,1,0,150,1
555,565,585,40,41.382736,2.154902,25.00,3,200.00,32.00,64.00,1,1,1,1,0,150,1
556,566,586,40,41.382736,2.154902,25.00,3,200.00,32.00,64.00,1,1,1,1,0,150,1
557,567,587,40,41.382736,2.154902,25.00,3,200.00,32.00,64.00,1,1,1,1,0,150,1
558,568,588,40,41.382736,2.154902,25.00,3,200.00,32.00,64.00,1,1,1,1,0,150,1
559,569,589,40,41.382736,2.154902,25.00,3,200.00,32.00,64.00,1,1,1,1,0,150,1
560,570,590,40,41.382736,2.154902,25.00,3,200.00,32.00,64.00,1,1,1,1,0,150,1
561,571,591,40,41.382736,2.154902,25.00,3,200.00,32.00,64.00,1,1,1,1,0,150,1
562,572,592,40,41.382736,2.154902,25.00,3,200.00,32.00,64.00,1,1,1,1,0,150,1
563,573,593,40,41.382736,2.154902,25.00,3,200.00,32.00,64.00,1,1,1,1,0,150,1
564,574,594,40,41.382736,2.154902,25.00,3,200.00,32.00,64.00,1,1,1,1,0,150,1
565,575,595,40,41.382736,2.154902,25.00,3,200.00,32.00,64.00,1,1,1,1,0,150,1
566,576,596,40,41.382736,2.154902,25.00,3,200.00,32.00,64.00,1,1,1,1,0,150,1
567,577,597,40,41.382736,2.154902,25.00,3,200.00,32.00,64.00,1,1,1,1,0,150,1
568,578,598,40,41.382736,2.154902,25.00,3,200.00,32.00,64.00,1,1,1,1,0,150,1
569,579,599,40,41.382736,2.154902,25.00,3,200.00,32.00,64.00,1,1,1,1,0,150,1
570,580,600,40,41.382736,2.154902,25.00,3,200.00,32.00,64.00,1,1,1,1,0,150,1
571,581,601,40,41.382736,2.154902,25.00,3,200.00,32.00,64.00,1,1,1,1,0,150,1
572,582,602,40,41.382736,2.154902,25.00,3,200.00,32.00,64.00,1,1,1,1,0,150,1
573,583,603,40,41.382736,2.154902,25.00,3,200.00,32.00,64.00,1,1,1,1,0,150,1
574,584,604,40,41.382736,2.154902,25.00,3,200.00,32.00,64.00,1,1,1,1,0,150,1
575,585,605,40,41.382736,2.154902,25.00,3,200.00,32.00,64.00,1,1,1,1,0,150,1
576,586,606,40,41.382736,2.154902,25.00,3,200.00,32.00,64.00,1,1,1,1,0,150,1
577,587,607,40,41.382736,2.154902,25.00,3,200.00,32.00,64.00,1,1,1,1,0,150,1
578,588,608,40,41.382736,2.154902,25.00,3,200.00,32.00,64.00,1,1,1,1,0,150,1
579,589,609,40,41.382736,2.154902,25.00,3,200.00,32.00,64.00,1,1,1,1,0,150,1
580,590,610,40,41.382736,2.154902,25.00,3,200.00,32.00,64.00,1,1,1,1,0,150,1
581,591,611,40,41.382736,2.154902,25.00,3,200.00,32.00,64.00,1,1,1,1,0,150,1
582,592,612,40,41.382736,2.154902,25.00,3,200.00,32.00,64.00,1,1,1,1,0,150,1
583,593,613,40,41.382736,2.154902,25.00,3,200.00,32.00,64.00,1,1,1,1,0,150,1
584,594,614,40,41.382736,2.154902,25.00,3,200.00,32.00,64.00,1,1,1,1,0,150,1
585,595,615,40,41.382736,2.154902,25.00,3,200.00,32.00,64.00,1,1,1,1,0,150,1
586,596,616,40,41.382736,2.154902,25.00,3,200.00,32.00,64.00,1,1,1,1,0,150,1
587,597,617,40,41.382736,2.154902,25.00,3,200.00,32.00,64.00,1,1,1,1,0,150,1
588,598,618,40,41.382736,2.154902,25.00,3,200.00,32.00,64.00,1,1,1,1,0,150,1
589,599,619,40,41.382736,2.154902,25.00,3,200.00,32.00,64.00,1,1,1,1,0,150,1
590,600,620,40,41.382736,2.154902,25.00,3,200.00,32.00,64.00,1,1,1,1,0,150,1
591,601,621,40,41.382736,2.154902,25.00,3,200.00,32.00,64.00,1,1,1,1,0,150,1
592,602,622,40,41.382736,2.154902,25.00,3,200.00,32.00,64.00,1,1,1,1,0,150,1
593,603,623,40,41.382736,2.154902,25.00,3,200.00,32.00,64.00,1,1,1,1,0,150,1
594,604,624,40,41.382736,2.154902,25.00,3,200.00,32.00,64.00,1,1,1,1,0,150,1
595,605,625,40,41.382736,2.154902,25.00,3,200.00,32.00,64.00,1,1,1,1,0,150,1
596,606,626,40,41.382736,2.154902,25.00,3,200.00,32.00,64.00,1,1,1,1,0,150,1
597,607,627,40,41.382736,2.154902,25.00,3,200.00,32.00,64.00,1,1,1,1,0,150,1
598,608,628,40,41.382736,2.154902,25.00,3,200.00,32.00,64.00,1,1,1,1,0,150,1
599,609,629,40,41.382736,2.154902,25.00,3,200.00,32.00,64.00,1,1,1,1,0,150,1
600,610,630,40,41.382736,2.154902,25.00,3,200.00,32.00,64.00,1,1,1,1,0,150,1
601,611,631,40,41.382736,2.154902,25.00,3,200.00,32.00,64.00,1,1,1,1,0,150,1
602,612,632,40,41.382736,2.154902,25.00,3,200.00,32.00,64.00,1,1,1,1,0,150,1
603,613,633,40,41.382736,2.154902,25.00,3,200.00,32.00,64.00,1,1,1,1,0,150,1
604,614,634,40,41.382736,2.154902,25.00,3,200.00,32.00,64.00,1,1,1,1,0,150,1
605,615,635,40,41.382736,2.154902,25.00,3,200.00,32.00,64.00,1,1,1,1,0,150,1
606,616,636,40,41.382736,2.154902,25.00,3,200.00,32.00,64.00,1,1,1,1,0,150,1
607,617,637,40,41.382736,2.154902,25.00,3,200.00,32.00,64.00,1,1,1,1,0,150,1
608,618,638,40,41.382736,2.154902,25.00,3,200.00,32.00,64.00,1,1,1,1,0,150,1
609,619,639,40,41.382736,2.154902,25.00,3,200.00,32.00,64.00,1,1,1,1,0,150,1
610,620,640,40,41.382736,2.154902,25.00,3,200.00,32.00,64.00,1,1,1,1,0,150,1
611,621,641,40,41.382736,2.154902,25.00,3,200.00,32.00,64.00,1,1,1,1,0,150,1
612,622,642,40,41.382736,2.154902,25.00,3,200.00,32.00,64.00,1,1,1,1,0,150,1
613,623,643,40,41.382736,2.154902,25.00,3,200.00,32.00,64.00,1,1,1,1,0,150,1
614,624,644,40,41.382736,2.154902,25.00,3,200.00,32.00,64.00,1,1,1,1,0,150,1
615,625,645,40,41.382736,2.154902,25.00,3,200.00,32.00,64.00,1,1,1,1,0,150,1
616,626,646,40,41.382736,2.154902,25.00,3,200.00,32.00,64.00,1,1,1,1,0,150,1
617,627,647,40,41.382736,2.154902,25.00,3,200.00,32.00,64.00,1,1,1,1,0,150,1
618,628,648,40,41.382736,2.154902,25.00,3,200.00,32.00,64.00,1,1,1,1,0,150,1
619,629,649,40,41.382736,2.154902,25.00,3,200.00,32.00,64.00,1,1,1,1,0,150,1
620,630,650,40,41.382736,2.154902,25.00,3,200.00,32.00,64.00,1,1,1,1,0,150,1
621,631,651,40,41.382736,2.154902,25.00,3,200.00,32.00,64.00,1,1,1,1,0,150,1
622,632,652,40,41.382736,2.154902,25.00,3,200.00,32.00,64.00,1,1,1,1,0,150,1
623,633,653,40,41.382736,2.154902,25.00,3,200.00,32.00,64.00,1,1,1,1,0,150,1
624,634,654,40,41.382736,2.154902,25.00,3,200.00,32.00,64.00,1,1,1,1,0,150,1
625,635,655,40,41.382736,2.154902,25.00,3,200.00,32.00,64.00,1,1,1,1,0,150,1
626,636,656,40,41.382736,2.154902,25.00,3,200.00,32.00,64.00,1,1,1,1,0,150,1
627,637,657,40,41.382736,2.154902,25.00,3,200.00,32.00,64.00,1,1,1,1,0,150,1
628,638,658,40,41.382736,2.154902,25.00,3,200.00,32.00,64.00,1,1,1,1,0,150,1
629,639,659,40,41.382736,2.154902,25.00,3,200.00,32.00,64.00,1,1,1,1,0,150,1
630,640,660,40,41.382736,2.154902,25.00,3,200.00,32.00,64.00,1,1,1,1,0,150,1
631,641,661,40,41.382736,2.154902,25.00,3,200.00,32.00,64.00,1,1,1,1,0,150,1
632,642,662,40,41.382736,2.154902,25.00,3,200.00,32.00,64.00,1,1,1,1,0,150,1
633,643,663,40,41.382736,2.154902,25.00,3,200.00,32.00,64.00,1,1,1,1,0,150,1
634,644,664,40,41.382736,2.154902,25.00,3,200.00,32.00,64.00,1,1,1,1,0,150,1
635,645,665,40,41.382736,2.154902,25.00,3,200.00,32.00,64.00,1,1,1,1,0,150,1
636,646,666,40,41.382736,2.154902,25.00,3,200.00,32.00,64.00,1,1,1,1,0,150,1
637,647,667,40,41.382736,2.154902,25.00,3,200.00,32.00,64.00,1,1,1,1,0,150,1
638,648,668,40,41.382736,2.154902,25.00,3,200.00,32.00,64.00,1,1,1,1,0,150,1
639,649,669,40,41.382736,2.154902,25.00,3,200.00,32.00,64.00,1,1,1,1,0,150,1
640,650,670,40,41.382736,2.154902,25.00,3,200.00,32.00,64.00,1,1,1,1,0,150,1
641,651,671,40,41.382736,2.154902,25.00,3,200.00,32.00,64.00,1,1,1,1,0,150,1
642,652,672,40,41.382736,2.154902,25.00,3,200.00,32.00,64.00,1,1,1,1,0,150,1
643,653,673,40,41.382736,2.154902,25.00,3,200.00,32.00,64.00,1,1,1,1,0,150,1
644,654,674,40,41.382736,2.154902,25.00,3,200.00,32.00,64.00,1,1,1,1,0,150,1
645,655,675,40,41.382736,2.154902,25.00,3,200.00,32.00,64.00,1,1,1,1,0,150,1
646,656,676,40,41.382736,2.154902,25.00,3,200.00,32.00,64.00,1,1,1,1,0,150,1
647,657,677,40,41.382736,2.154902,25.00,3,200.00,32.00,64.00,1,1,1,1,0,150,1
648,658,678,40,41.382736,2.154902,25.00,3,200.00,32.00,64.00,1,1,1,1,0,150,1
649,659,679,40,41.382736,2.154902,25.00,3,200.00,32.00,64.00,1,1,1,1,0,150,1
650,660,680,40,41.382736,2.154902,25.00,3,200.00,32.00,64.00,1,1,1,1,0,150,1
651,661,681,40,41.382736,2.154902,25.00,3,200.00,32.00,64.00,1,1,1,1,0,150,1
652,662,682,40,41.382736,2.154902,25.00,3,200.00,32.00,64.00,1,1,1,1,0,150,1
653,663,683,40,41.382736,2.154902,25.00,3,200.00,32.00,64.00,1,1,1,1,0,150,1
654,664,684,40,41.382736,2.154902,25.00,3,200.00,32.00,64.00,1,1,1,1,0,150,1
655,665,685,40,41.382736,2.154902,25.00,3,200.00,32.00,64.00,1,1,1,1,0,150,1
656,666,686,40,41.382736,2.154902,25.00,3,200.00,32.00,64.00,1,1,1,1,0,150,1
657,667,687,40,41.382736,2.154902,25.00,3,200.00,32.00,64.00,1,1,1,1,0,150,1
658,668,688,40,41.382736,2.154902,25.00,3,200.00,32.00,64.00,1,1,1,1,0,150,1
659,669,689,40,41.382736,2.154902,25.00,3,200.00,32.00,64.00,1,1,1,1,0,150,1
660,670,690,40,41.382736,2.154902,25.00,3,200.00,32.00,64.00,1,1,1,1,0,150,1
661,671,691,40,41.382736,2.154902,25.00,3,200.00,32.00,64.00,1,1,1,1,0,150,1
662,672,692,40,41.382736,2.154902,25.00,3,200.00,32.00,64.00,1,1,1,1,0,150,1
663,673,693,40,41.382736,2.154902,25.00,3,200.00,32.00,64.00,1,1,1,1,0,150,1
664,674,694,40,41.382736,2.154902,25.00,3,200.00,32.00,64.00,1,1,1,1,0,150,1
665,675,695,40,41.382736,2.154902,25.00,3,200.00,32.00,64.00,1,1,1,1,0,150,1
666,676,696,40,41.382736,2.154902,25.00,3,200.00,32.00,64.00,1,1,1,1,0,150,1
667,677,697,40,41.382736,2.154902,25.00,3,200.00,32.00,64.00,1,1,1,1,0,150,1
668,678,698,40,41.382736,2.154902,25.00,3,200.00,32.00,64.00,1,1,1,1,0,150,1
669,679,699,40,41.382736,2.154902,25.00,3,200.00,32.00,64.00,1,1,1,1,0,150,1
670,680,700,40,41.382736,2.154902,25.00,3,200.00,32.00,64.00,1,1,1,1,0,150,1
671,681,701,40,41.382736,2.154902,25.00,3,200.00,32.00,64.00,1,1,1,1,0,150,1
672,682,702,40,41.382736,2.154902,25.00,3,200.00,32.00,64.00,1,1,1,1,0,150,1
673,683,703,40,41.382736,2.154902,25.00,3,200.00,32.00,64.00,1,1,1,1,0,150,1
674,684,704,40,41.382736,2.154902,25.00,3,200.00,32.00,64.00,1,1,1,1,0,150,1
675,685,705,40,41.382736,2.154902,25.00,3,200.00,32.00,64.00,1,1,1,1,0,150,1
676,686,706,40,41.382736,2.154902,25.00,3,200.00,32.00,64.00,1,1,1,1,0,150,1
677,687,707,40,41.382736,2.154902,25.00,3,200.00,32.00,64.00,1,1,1,1,0,150,1
678,688,708,40,41.382736,2.154902,25.00,3,200.00,32.00,64.00,1,1,1,1,0,150,1
679,689,709,40,41.382736,2.154902,25.00,3,200.00,32.00,64.00,1,1,1,1,0,150,1
680,690,710,40,41.382736,2.154902,25.00,3,200.00,32.00,64.00,1,1,1,1,0,150,1
681,691,711,40,41.382736,2.154902,25.00,3,200.00,32.00,64.00,1,1,1,1,0,150,1
682,692,712,40,41.382736,2.154902,25.00,3,200.00,32.00,64.00,1,1,1,1,0,150,1
683,693,713,40,41.382736,2.154902,25.00,3,200.00,32.00,64.00,1,1,1,1,0,150,1
684,694,714,40,41.382736,2.154902,25.00,3,200.00,32.00,64.00,1,1,1,1,0,150,1
685,695,715,40,41.382736,2.154902,25.00,3,200.00,32.00,64.00,1,1,1,1,0,150,1
686,696,716,40,41.382736,2.154902,25.00,3,200.00,32.00,64.00,1,1,1,1,0,150,1
687,697,717,40,41.382736,2.154902,25.00,3,200.00,32.00,64.00,1,1,1,1,0,150,1
688,698,718,40,41.382736,2.154902,25.00,3,200.00,32.00,64.00,1,1,1,1,0,150,1
689,699,719,40,41.382736,2.154902,25.00,3,200.00,32.00,64.00,1,1,1,1,0,150,1
690,700,720,40,41.382736,2.154902,25.00,3,200.00,32.00,64.00,1,1,1,1,0,150,1
691,701,721,40,41.382736,2.154902,25.00,3,200.00,32.00,64.00,1,1,1,1,0,150,1
692,702,722,40,41.382736,2.154902,25.00,3,200.00,32.00,64.00,1,1,1,1,0,150,1
693,703,723,40,41.382736,2.154902,25.00,3,200.00,32.00,64.00,1,1,1,1,0,150,1
694,704,724,40,41.382736,2.154902,25.00,3,200.00,32.00,64.00,1,1,1,1,0,150,1
695,705,725,40,41.382736,2.154902,25.00,3,200.00,32.00,64.00,1,1,1,1,0,150,1
696,706,726,40,41.382736,2.154902,25.00,3,200.00,32.00,64.00,1,1,1,1,0,150,1
697,707,727,40,41.382736,2.154902,25.00,3,200.00,32.00,64.00,1,1,1,1,0,150,1
698,708,728,40,41.382736,2.154902,25.00,3,200.00,32.00,64.00,1,1,1,1,0,150,1
699,709,729,40,41.382736,2.154902,25.00,3,200.00,32.00,64.00,1,1,1,1,0,150,1
700,710,730,40,41.382736,2.154902,25.00,3,200.00,32.00,64.00,1,1,1,1,0,150,1
701,711,731,40,41.382736,2.154902,25.00,3,200.00,32.00,64.00,1,1,1,1,0,150,1
702,712,732,40,41.382736,2.154902,25.00,3,200.00,32.00,64.00,1,1,1,1,0,150,1
703,713,733,40,41.382736,2.154902,25.00,3,200.00,32.00,64.00,1,1,1,1,0,150,1
704,714,734,40,41.382736,2.154902,25.00,3,200.00,32.00,64.00,1,1,1,1,0,150,1
705,715,735,40,41.382736,2.154902,25.00,3,200.00,32.00,64.00,1,1,1,1,0,150,1
706,716,736,40,41.382736,2.154902,25.00,3,200.00,32.00,64.00,1,1,1,1,0,150,1
707,717,737,40,41.382736,2.154902,25.00,3,200.00,32.00,64.00,1,1,1,1,0,150,1
708,718,738,40,41.382736,2.154902,25.00,3,200.00,32.00,64.00,1,1,1,1,0,150,1
709,719,739,40,41.382736,2.154902,25.00,3,200.00,32.00,64.00,1,1,1,1,0,150,1
710,720,740,40,41.382736,2.154902,25.00,3,200.00,32.00,64.00,1,1,1,1,0,150,1
711,721,741,40,41.382736,2.154902,25.00,3,200.00,32.00,64.00,1,1,1,1,0,150,1
712,722,742,40,41.382736,2.154902,25.00,3,200.00,32.00,64.00,1,1,1,1,0,150,1
713,723,743,40,41.382736,2.154902,25.00,3,200.00,32.00,64.00,1,1,1,1,0,150,1
714,724,744,40,41.382736,2.154902,25.00,3,200.00,32.00,64.00,1,1,1,1,0,150,1
715,725,745,40,41.382736,2.154902,25.00,3,200.00,32.00,64.00,1,1,1,1,0,150,1
716,726,746,40,41.382736,2.154902,25.00,3,200.00,32.00,64.00,1,1,1,1,0,150,1
717,727,747,40,41.382736,2.154902,25.00,3,200.00,32.00,64.00,1,1,1,1,0,150,1
718,728,748,40,41.382736,2.154902,25.00,3,200.00,32.00,64.00,1,1,1,1,0,150,1
719,729,749,40,41.382736,2.154902,25.00,3,200.00,32.00,64.00,1,1,1,1,0,150,1
720,730,750,40,41.382736,2.154902,25.00,3,200.00,32.00,64.00,1,1,1,1,0,150,1
721,731,751,40,41.382736,2.154902,25.00,3,200.00,32.00,64.00,1,1,1,1,0,150,1
722,732,752,40,41.382736,2.154902,25.00,3,200.00,32.00,64.00,1,1,1,1,0,150,1
723,733,753,40,41.382736,2.154902,25.00,3,200.00,32.00,64.00,1,1,1,1,0,150,1
724,734,754,40,41.382736,2.154902,25.00,3,200.00,32.00,64.00,1,1,1,1,0,150,1
725,735,755,40,41.382736,2.154902,25.00,3,200.00,32.00,64.00,1,1,1,1,0,150,1
726,736,756,40,41.382736,2.154902,25.00,3,200.00,32.00,64.00,1,1,1,1,0,150,1
727,737,757,40,41.382736,2.154902,25.00,3,200.00,32.00,64.00,1,1,1,1,0,150,1
728,738,758,40,41.382736,2.154902,25.00,3,200.00,32.00,64.00,1,1,1,1,0,150,1
729,739,759,40,41.382736,2.154902,25.00,3,200.00,32.00,64.00,1,1,1,1,0,150,1
730,740,760,40,41.382736,2.154902,25.00,3,200.00,32.00,64.00,1,1,1,1,0,150,1
731,741,761,40,41.382736,2.154902,25.00,3,200.00,32.00,64.00,1,1,1,1,0,150,1
732,742,762,40,41.382736,2.154902,25.00,3,200.00,32.00,64.00,1,1,1,1,0,150,1
733,743,763,40,41.382736,2.154902,25.00,3,200.00,32.00,64.00,1,1,1,1,0,150,1
734,744,764,40,41.382736,2.154902,25.00,3,200.00,32.00,64.00,1,1,1,1,0,150,1
735,745,765,40,41.382736,2.154902,25.00,3,200.00,32.00,64.00,1,1,1,1,0,150,1
736,746,766,40,41.382736,2.154902,25.00,3,200.00,32.00,64.00,1,1,1,1,0,150,1
737,747,767,40,41.382736,2.154902,25.00,3,200.00,32.00,64.00,1,1,1,1,0,150,1
738,748,768,40,41.382736,2.154902,25.00,3,200.00,32.00,64.00,1,1,1,1,0,150,1
739,749,769,40,41.382736,2.154902,25.00,3,200.00,32.00,64.00,1,1,1,1,0,150,1
740,750,770,40,41.382736,2.154902,25.00,3,200.00,32.00,64.00,1,1,1,1,0,150,1
741,751,771,40,41.382736,2.154902,25.00,3,200.00,32.00,64.00,1,1,1,1,0,150,1
742,752,772,40,41.382736,2.154902,25.00,3,200.00,32.00,64.00,1,1,1,1,0,150,1
743,753,773,40,41.382736,2.154902,25.00,3,200.00,32.00,64.00,1,1,1,1,0,150,1
744,754,774,40,41.382736,2.154902,25.00,3,200.00,32.00,64.00,1,1,1,1,0,150,1
745,755,775,40,41.382736,2.154902,25.00,3,200.00,32.00,64.00,1,1,1,1,0,150,1
746,756,776,40,41.382736,2.154902,25.00,3,200.00,32.00,64.00,1,1,1,1,0,150,1
747,757,777,40,41.382736,2.154902,25.00,3,200.00,32.00,64.00,1,1,1,1,0,150,1
748,758,778,40,41.382736,2.154902,25.00,3,200.00,32.00,64.00,1,1,1,1,0,150,1
749,759,779,40,41.382736,2.154902,25.00,3,200.00,32.00,64.00,1,1,1,1,0,150,1
750,760,780,40,41.382736,2.154902,25.00,3,200.00,32.00,64.00,1,1,1,1,0,150,1
751,761,781,40,41.382736,2.154902,25.00,3,200.00,32.00,64.00,1,1,1,1,0,150,1
752,762,782,40,41.382736,2.154902,25.00,3,200.00,32.00,64.00,1,1,1,1,0,150,1
753,763,783,40,41.382736,2.154902,25.00,3,200.00,32.00,64.00,1,1,1,1,0,150,1
754,764,784,40,41.382736,2.154902,25.00,3,200.00,32.00,64.00,1,1,1,1,0,150,1
755,765,785,40,41.382736,2.154902,25.00,3,200.00,32.00,64.00,1,1,1,1,0,150,1
756,766,786,40,41.382736,2.154902,25.00,3,200.00,32.00,64.00,1,1,1,1,0,150,1
757,767,787,40,41.382736,2.154902,25.00,3,200.00,32.00,64.00,1,1,1,1,0,150,1
758,768,788,40,41.382736,2.154902,25.00,3,200.00,32.00,64.00,1,1,1,1,0,150,1
759,769,789,40,41.382736,2.154902,25.00,3,200.00,32.00,64.00,1,1,1,1,0,150,1
760,770,790,40,41.382736,2.154902,25.00,3,200.00,32.00,64.00,1,1,1,1,0,150,1
761,771,791,40,41.382736,2.154902,25.00,3,200.00,32.00,64.00,1,1,1,1,0,150,1
762,772,792,40,41.382736,2.154902,25.00,3,200.00,32.00,64.00,1,1,1,1,0,150,1
763,773,793,40,41.382736,2.154902,25.00,3,200.00,32.00,64.00,1,1,1,1,0,150,1
764,774,794,40,41.382736,2.154902,25.00,3,200.00,32.00,64.00,1,1,1,1,0,150,1
765,775,795,40,41.382736,2.154902,25.00,3,200.00,32.00,64.00,1,1,1,1,0,150,1
766,776,796,40,41.382736,2.154902,25.00,3,200.00,32.00,64.00,1,1,1,1,0,150,1
767,777,797,40,41.382736,2.154902,25.00,3,200.00,32.00,64.00,1,1,1,1,0,150,1
768,778,798,40,41.382736,2.154902,25.00,3,200.00,32.00,64.00,1,1,1,1,0,150,1
769,779,799,40,41.382736,2.154902,25.00,3,200.00,32.00,64.00,1,1,1,1,0,150,1
770,780,800,40,41.382736,2.154902,25.00,3,200.00,32.00,64.00,1,1,1,1,0,150,1
771,781,801,40,41.382736,2.154902,25.00,3,200.00,32.00,64.00,1,1,1,1,0,150,1
772,782,802,40,41.382736,2.154902,25.00,3,200.00,32.00,64.00,1,1,1,1,0,150,1
773,783,803,40,41.382736,2.154902,25.00,3,200.00,32.00,64.00,1,1,1,1,0,150,1
774,784,804,40,41.382736,2.154902,25.00,3,200.00,32.00,64.00,1,1,1,1,0,150,1
775,785,805,40,41.382736,2.154902,25.00,3,200.00,32.00,64.00,1,1,1,1,0,150,1
776,786,806,40,41.382736,2.154902,25.00,3,200.00,32.00,64.00,1,1,1,1,0,150,1
777,787,807,40,41.382736,2.154902,25.00,3,200.00,32.00,64.00,1,1,1,1,0,150,1
778,788,808,40,41.382736,2.154902,25.00,3,200.00,32.00,64.00,1,1,1,1,0,150,1
779,789,809,40,41.382736,2.154902,25.00,3,200.00,32.00,64.00,1,1,1,1,0,150,1
780,790,810,40,41.382736,2.154902,25.00,3,200.00,32.00,64.00,1,1,1,1,0,150,1
781,791,811,40,41.382736,2.154902,25.00,3,200.00,32.00,64.00,1,1,1,1,0,150,1
782,792,812,40,41.382736,2.154902,25.00,3,200.00,32.00,64.00,1,1,1,1,0,150,1
783,793,813,40,41.382736,2.154902,25.00,3,200.00,32.00,64.00,1,1,1,1,0,150,1
784,794,814,40,41.382736,2.154902,25.00,3,200.00,32.00,64.00,1,1,1,1,0,150,1
785,795,815,40,41.382736,2.154902,25.00,3,200.00,32.00,64.00,1,1,1,1,0,150,1
786,796,816,40,41.382736,2.154902,25.00,3,200.00,32.00,64.00,1,1,1,1,0,150,1
787,797,817,40,41.382736,2.154902,25.00,3,200.00,32.00,64.00,1,1,1,1,0,150,1
788,798,818,40,41.382736,2.154902,25.00,3,200.00,32.00,64.00,1,1,1,1,0,150,1
789,799,819,40,41.382736,2.154902,25.00,3,200.00,32.00,64.00,1,1,1,1,0,150,1
790,800,820,40,41.382736,2.154902,25.00,3,200.00,32.00,64.00,1,1,1,1,0,150,1
791,801,821,40,41.382736,2.154902,25.00,3,200.00,32.00,64.00,1,1,1,1,0,150,1
792,802,822,40,41.382736,2.154902,25.00,3,200.00,32.00,64.00,1,1,1,1,0,150,1
793,803,823,40,41.382736,2.154902,25.00,3,200.00,32.00,64.00,1,1,1,1,0,150,1
794,804,824,40,41.382736,2.154902,25.00,3,200.00,32.00,64.00,1,1,1,1,0,150,1
795,805,825,40,41.382736,2.154902,25.00,3,200.00,32.00,64.00,1,1,1,1,0,150,1
796,806,826,40,41.382736,2.154902,25.00,3,200.00,32.00,64.00,1,1,1,1,0,150,1
797,807,827,40,41.382736,2.154902,25.00,3,200.00,32.00,64.00,1,1,1,1,0,150,1
798,808,828,40,41.382736,2.154902,25.00,3,200.00,32.00,64.00,1,1,1,1,0,150,1
799,809,829,40,41.382736,2.154902,25.00,3,200.00,32.00,64.00,1,1,1,1,0,150,1
800,810,830,40,41.382736,2.154902,25.00,3,200.00,32.00,64.00,1,1,1,1,0,150,1
801,811,831,40,41.382736,2.154902,25.00,3,200.00,32.00,64.00,1,1,1,1,0,150,1
802,812,832,40,41.382736,2.154902,25.00,3,200.00,32.00,64.00,1,1,1,1,0,150,1
803,813,833,40,41.382736,2.154902,25.00,3,200.00,32.00,64.00,1,1,1,1,0,150,1
804,814,834,40,41.382736,2.154902,25.00,3,200.00,32.00,64.00,1,1,1,1,0,150,1
805,815,835,40,41.382736,2.154902,25.00,3,200.00,32.00,64.00,1,1,1,1,0,150,1
806,816,836,40,41.382736,2.154902,25.00,3,200.00,32.00,64.00,1,1,1,1,0,150,1
807,817,837,40,41.382736,2.154902,25.00,3,200.00,32.00,64.00,1,1,1,1,0,150,1
808,818,838,40,41.382736,2.154902,25.00,3,200.00,32.00,64.00,1,1,1,1,0,150,1
809,819,839,40,41.382736,2.154902,25.00,3,200.00,32.00,64.00,1,1,1,1,0,150,1
810,820,840,40,41.382736,2.154902,25.00,3,200.00,32.00,64.00,1,1,1,1,0,150,1
811,821,841,40,41.382736,2.154902,25.00,3,200.00,32.00,64.00,1,1,1,1,0,150,1
812,822,842,40,41.382736,2.154902,25.00,3,200.00,32.00,64.00,1,1,1,1,0,150,1
813,823,843,40,41.382736,2.154902,25.00,3,200.00,32.00,64.00,1,1,1,1,0,150,1
814,824,844,40,41.382736,2.154902,25.00,3,200.00,32.00,64.00,1,1,1,1,0,150,1
815,825,845,40,41.382736,2.154902,25.00,3,200.00,32.00,64.00,1,1,1,1,0,150,1
816,826,846,40,41.382736,2.154902,25.00,3,200.00,32.00,64.00,1,1,1,1,0,150,1
817,827,847,40,41.382736,2.154902,25.00,3,200.00,32.00,64.00,1,1,1,1,0,150,1
818,828,848,40,41.382736,2.154902,25.00,3,200.00,32.00,64.00,1,1,1,1,0,150,1
819,829,849,40,41.382736,2.154902,25.00,3,200.00,32.00,64.00,1,1,1,1,0,150,1
820,830,850,40,41.382736,2.154902,25.00,3,200.00,32.00,64.00,1,1,1,1,0,150,1
821,831,851,40,41.382736,2.154902,25.00,3,200.00,32.00,64.00,1,1,1,1,0,150,1
822,832,852,40,41.382736,2.154902,25.00,3,200.00,32.00,64.00,1,1,1,1,0,150,1
823,833,853,40,41.382736,2.154902,25.00,3,200.00,32.00,64.00,1,1,1,1,0,150,1
824,834,854,40,41.382736,2.154902,25.00,3,200.00,32.00,64.00,1,1,1,1,0,150,1
825,835,855,40,41.382736,2.154902,25.00,3,200.00,32.00,64.00,1,1,1,1,0,150,1
826,836,856,40,41.382736,2.154902,25.00,3,200.00,32.00,64.00,1,1,1,1,0,150,1
827,837,857,40,41.382736,2.154902,25.00,3,200.00,32.00,64.00,1,1,1,1,0,150,1
828,838,858,40,41.382736,2.154902,25.00,3,200.00,32.00,64.00,1,1,1,1,0,150,1
829,839,859,40,41.382736,2.154902,25.00,3,200.00,32.00,64.00,1,1,1,1,0,150,1
830,840,860,40,41.382736,2.154902,25.00,3,200.00,32.00,64.00,1,1,1,1,0,150,1
831,841,861,40,41.382736,2.154902,25.00,3,200.00,32.00,64.00,1,1,1,1,0,150,1
832,842,862,40,41.382736,2.154902,25.00,3,200.00,32.00,64.00,1,1,1,1,0,150,1
833,843,863,40,41.382736,2.154902,25.00,3,200.00,32.00,64.00,1,1,1,1,0,150,1
834,844,864,40,41.382736,2.154902,25.00,3,200.00,32.00,64.00,1,1,1,1,0,150,1
835,845,865,40,41.382736,2.154902,25.00,3,200.00,32.00,64.00,1,1,1,1,0,150,1
836,846,866,40,41.382736,2.154902,25.00,3,200.00,32.00,64.00,1,1,1,1,0,150,1
837,847,867,40,41.382736,2.154902,25.00,3,200.00,32.00,64.00,1,1,1,1,0,150,1
838,848,868,40,41.382736,2.154902,25.00,3,200.00,32.00,64.00,1,1,1,1,0,150,1
839,849,869,40,41.382736,2.154902,25.00,3,200.00,32.00,64.00,1,1,1,1,0,150,1
840,850,870,40,41.382736,2.154902,25.00,3,200.00,32.00,64.00,1,1,1,1,0,150,1
841,851,871,40,41.382736,2.154902,25.00,3,200.00,32.00,64.00,1,1,1,1,0,150,1
842,852,872,40,41.382736,2.154902,25.00,3,200.00,32.00,64.00,1,1,1,1,0,150,1
843,853,873,40,41.382736,2.154902,25.00,3,200.00,32.00,64.00,1,1,1,1,0,150,1
844,854,874,40,41.382736,2.154902,25.00,3,200.00,32.00,64.00,1,1,1,1,0,150,1
845,855,875,40,41.382736,2.154902,25.00,3,200.00,32.00,64.00,1,1,1,1,0,150,1
846,856,876,40,41.382736,2.154902,25.00,3,200.00,32.00,64.00,1,1,1,1,0,150,1
847,857,877,40,41.382736,2.154902,25.00,3,200.00,32.00,64.00,1,1,1,1,0,150,1
848,858,878,40,41.382736,2.154902,25.00,3,200.00,32.00,64.00,1,1,1,1,0,150,1
849,859,879,40,41.382736,2.154902,25.00,3,200.00,32.00,64.00,1,1,1,1,0,150,1
850,860,880,40,41.382736,2.154902,25.00,3,200.00,32.00,64.00,1,1,1,1,0,150,1
851,861,881,40,41.382736,2.154902,25.00,3,200.00,32.00,64.00,1,1,1,1,0,150,1
852,862,882,40,41.382736,2.154902,25.00,3,200.00,32.00,64.00,1,1,1,1,0,150,1
853,863,883,40,41.382736,2.154902,25.00,3,200.00,32.00,64.00,1,1,1,1,0,150,1
854,864,884,40,41.382736,2.154902,25.00,3,200.00,32.00,64.00,1,1,1,1,0,150,1
855,865,885,40,41.382736,2.154902,25.00,3,200.00,32.00,64.00,1,1,1,1,0,150,1
856,866,886,40,41.382736,2.154902,25.00,3,200.00,32.00,64.00,1,1,1,1,0,150,1
857,867,887,40,41.382736,2.154902,25.00,3,200.00,32.00,64.00,1,1,1,1,0,150,1
858,868,888,40,41.382736,2.154902,25.00,3,200.00,32.00,64.00,1,1,1,1,0,150,1
859,869,889,40,41.382736,2.154902,25.00,3,200.00,32.00,64.00,1,1,1,1,0,150,1
860,870,890,40,41.382736,2.154902,25.00,3,200.00,32.00,64.00,1,1,1,1,0,150,1
861,871,891,40,41.382736,2.154902,25.00,3,200.00,32.00,64.00,1,1,1,1,0,150,1
862,872,892,40,41.382736,2.154902,25.00,3,200.00,32.00,64.00,1,1,1,1,0,150,1
863,873,893,40,41.382736,2.154902,25.00,3,200.00,32.00,64.00,1,1,1,1,0,150,1
864,874,894,40,41.382736,2.154902,25.00,3,200.00,32.00,64.00,1,1,1,1,0,150,1
865,875,895,40,41.382736,2.154902,25.00,3,200.00,32.00,64.00,1,1,1,1,0,150,1
866,876,896,40,41.382736,2.154902,25.00,3,200.00,32.00,64.00,1,1,1,1,0,150,1
867,877,897,40,41.382736,2.154902,25.00,3,200.00,32.00,64.00,1,1,1,1,0,150,1
868,878,898,40,41.382736,2.154902,25.00,3,200.00,32.00,64.00,1,1,1,1,0,150,1
869,879,899,40,41.382736,2.154902,25.00,3,200.00,32.00,64.00,1,1,1,1,0,150,1
870,880,900,40,41.382736,2.154902,25.00,3,200.00,32.00,64.00,1,1,1,1,0,150,1
871,881,901,40,41.382736,2.154902,25.00,3,200.00,32.00,64.00,1,1,1,1,0,150,1
872,882,902,40,41.382736,2.154902,25.00,3,200.00,32.00,64.00,1,1,1,1,0,150,1
873,883,903,40,41.382736,2.154902,25.00,3,200.00,32.00,64.00,1,1,1,1,0,150,1
874,884,904,40,41.382736,2.154902,25.00,3,200.00,32.00,64.00,1,1,1,1,0,150,1
875,885,905,40,41.382736,2.154902,25.00,3,200.00,32.00,64.00,1,1,1,1,0,150,1
876,886,906,40,41.382736,2.154902,25.00,3,200.00,32.00,64.00,1,1,1,1,0,150,1
877,887,907,40,41.382736,2.154902,25.00,3,200.00,32.00,64.00,1,1,1,1,0,150,1
878,888,908,40,41.382736,2.154902,25.00,3,200.00,32.00,64.00,1,1,1,1,0,150,1
879,889,909,40,41.382736,2.154902,25.00,3,200.00,32.00,64.00,1,1,1,1,0,150,1
880,890,910,40,41.382736,2.154902,25.00,3,200.00,32.00,64.00,1,1,1,1,0,150,1
881,891,911,40,41.382736,2.154902,25.00,3,200.00,32.00,64.00,1,1,1,1,0,150,1
882,892,912,40,41.382736,2.154902,25.00,3,200.00,32.00,64.00,1,1,1,1,0,150,1
883,893,913,40,41.382736,2.154902,25.00,3,200.00,32.00,64.00,1,1,1,1,0,150,1
884,894,914,40,41.382736,2.154902,25.00,3,200.00,32.00,64.00,1,1,1,1,0,150,1
885,895,915,40,41.382736,2.154902,25.00,3,200.00,32.00,64.00,1,1,1,1,0,150,1
886,896,916,40,41.382736,2.154902,25.00,3,200.00,32.00,64.00,1,1,1,1,0,150,1
887,897,917,40,41.382736,2.154902,25.00,3,200.00,32.00,64.00,1,1,1,1,0,150,1
888,898,918,40,41.382736,2.154902,25.00,3,200.00,32.00,64.00,1,1,1,1,0,150,1
889,899,919,40,41.382736,2.154902,25.00,3,200.00,32.00,64.00,1,1,1,1,0,150,1
890,900,920,40,41.382736,2.154902,25.00,3,200.00,32.00,64.00,1,1,1,1,0,150,1
891,901,921,40,41.382736,2.154902,25.00,3,200.00,32.00,64.00,1,1,1,1,0,150,1
892,902,922,40,41.382736,2.154902,25.00,3,200.00,32.00,64.00,1,1,1,1,0,150,1
893,903,923,40,41.382736,2.154902,25.00,3,200.00,32.00,64.00,1,1,1,1,0,150,1
894,904,924,40,41.382736,2.154902,25.00,3,200.00,32.00,64.00,1,1,1,1,0,150,1
895,905,925,40,41.382736,2.154902,25.00,3,200.00,32.00,64.00,1,1,1,1,0,150,1
896,906,926,40,41.382736,2.154902,25.00,3,200.00,32.00,64.00,1,1,1,1,0,150,1
897,907,927,40,41.382736,2.154902,25.00,3,200.00,32.00,64.00,1,1,1,1,0,150,1
898,908,928,40,41.382736,2.154902,25.00,3,200.00,32.00,64.00,1,1,1,1,0,150,1
899,909,929,40,41.382736,2.154902,25.00,3,200.00,32.00,64.00,1,1,1,1,0,150,1
900,910,930,40,41.382736,2.154902,25.00,3,200.00,32.00,64.00,1,1,1,1,0,150,1
901,911,931,40,41.382736,2.154902,25.00,3,200.00,32.00,64.00,1,1,1,1,0,150,1
902,912,932,40,41.382736,2.154902,25.00,3,200.00,32.00,64.00,1,1,1,1,0,150,1
903,913,933,40,41.382736,2.154902,25.00,3,200.00,32.00,64.00,1,1,1,1,0,150,1
904,914,934,40,41.382736,2.154902,25.00,3,200.00,32.00,64.00,1,1,1,1,0,150,1
905,915,935,40,41.382736,2.154902,25.00,3,200.00,32.00,64.00,1,1,1,1,0,150,1
906,916,936,40,41.382736,2.154902,25.00,3,200.00,32.00,64.00,1,1,1,1,0,150,1
907,917,937,40,41.382736,2.154902,25.00,3,200.00,32.00,64.00,1,1,1,1,0,150,1
908,918,938,40,41.382736,2.154902,25.00,3,200.00,32.00,64.00,1,1,1,1,0,150,1
909,919,939,40,41.382736,2.154902,25.00,3,200.00,32.00,64.00,1,1,1,1,0,150,1
910,920,940,40,41.382736,2.154902,25.00,3,200.00,32.00,64.00,1,1,1,1,0,150,1
911,921,941,40,41.382736,2.154902,25.00,3,200.00,32.00,64.00,1,1,1,1,0,150,1
912,922,942,40,41.382736,2.154902,25.00,3,200.00,32.00,64.00,1,1,1,1,0,150,1
913,923,943,40,41.382736,2.154902,25.00,3,200.00,32.00,64.00,1,1,1,1,0,150,1
914,924,944,40,41.382736,2.154902,25.00,3,200.00,32.00,64.00,1,1,1,1,0,150,1
915,925,945,40,41.382736,2.154902,25.00,3,200.00,32.00,64.00,1,1,1,1,0,150,1
916,926,946,40,41.382736,2.154902,25.00,3,200.00,32.00,64.00,1,1,1,1,0,150,1
917,927,947,40,41.382736,2.154902,25.00,3,200.00,32.00,64.00,1,1,1,1,0,150,1
918,928,948,40,41.382736,2.154902,25.00,3,200.00,32.00,64.00,1,1,1,1,0,150,1
919,929,949,40,41.382736,2.154902,25.00,3,200.00,32.00,64.00,1,1,1,1,0,150,1
920,930,950,40,41.382736,2.154902,25.00,3,200.00,32.00,64.00,1,1,1,1,0,150,1
921,931,951,40,41.382736,2.154902,25.00,3,200.00,32.00,64.00,1,1,1,1,0,150,1
922,932,952,40,41.382736,2.154902,25.00,3,200.00,32.00,64.00,1,1,1,1,0,150,1
923,933,953,40,41.382736,2.154902,25.00,3,200.00,32.00,64.00,1,1,1,1,0,150,1
924,934,954,40,41.382736,2.154902,25.00,3,200.00,32.00,64.00,1,1,1,1,0,150,1
925,935,955,40,41.382736,2.154902,25.00,3,200.00,32.00,64.00,1,1,1,1,0,150,1
926,936,956,40,41.382736,2.154902,25.00,3,200.00,32.00,64.00,1,1,1,1,0,150,1
927,937,957,40,41.382736,2.154902,25.00,3,200.00,32.00,64.00,1,1,1,1,0,150,1
928,938,958,40,41.382736,2.154902,25.00,3,200.00,32.00,64.00,1,1,1,1,0,150,1
929,939,959,40,41.382736,2.154902,25.00,3,200.00,32.00,64.00,1,1,1,1,0,150,1
930,940,960,40,41.382736,2.154902,25.00,3,200.00,32.00,64.00,1,1,1,1,0,150,1
931,941,961,40,41.382736,2.154902,25.00,3,200.00,32.00,64.00,1,1,1,1,0,150,1
932,942,962,40,41.382736,2.154902,25.00,3,200.00,32.00,64.00,1,1,1,1,0,150,1
933,943,963,40,41.382736,2.154902,25.00,3,200.00,32.00,64.00,1,1,1,1,0,150,1
934,944,964,40,41.382736,2.154902,25.00,3,200.00,32.00,64.00,1,1,1,1,0,150,1
935,945,965,40,41.382736,2.154902,25.00,3,200.00,32.00,64.00,1,1,1,1,0,150,1
936,946,966,40,41.382736,2.154902,25.00,3,200.00,32.00,64.00,1,1,1,1,0,150,1
937,947,967,40,41.382736,2.154902,25.00,3,200.00,32.00,64.00,1,1,1,1,0,150,1
938,948,968,40,41.382736,2.154902,25.00,3,200.00,32.00,64.00,1,1,1,1,0,150,1
939,949,969,40,41.382736,2.154902,25.00,3,200.00,32.00,64.00,1,1,1,1,0,150,1
940,950,970,40,41.382736,2.154902,25.00,3,200.00,32.00,64.00,1,1,1,1,0,150,1
941,951,971,40,41.382736,2.154902,25.00,3,200.00,32.00,64.00,1,1,1,1,0,150,1
942,952,972,40,41.382736,2.154902,25.00,3,200.00,32.00,64.00,1,1,1,1,0,150,1
943,953,973,40,41.382736,2.154902,25.00,3,200.00,32.00,64.00,1,1,1,1,0,150,1
944,954,974,40,41.382736,2.154902,25.00,3,200.00,32.00,64.00,1,1,1,1,0,150,1
945,955,975,40,41.382736,2.154902,25.00,3,200.00,32.00,64.00,1,1,1,1,0,150,1
946,956,976,40,41.382736,2.154902,25.00,3,200.00,32.00,64.00,1,1,1,1,0,150,1
947,957,977,40,41.382736,2.154902,25.00,3,200.00,32.00,64.00,1,1,1,1,0,150,1
948,958,978,40,41.382736,2.154902,25.00,3,200.00,32.00,64.00,1,1,1,1,0,150,1
949,959,979,40,41.382736,2.154902,25.00,3,200.00,32.00,64.00,1,1,1,1,0,150,1
950,960,980,40,41.382736,2.154902,25.00,3,200.00,32.00,64.00,1,1,1,1,0,150,1
951,961,981,40,41.382736,2.154902,25.00,3,200.00,32.00,64.00,1,1,1,1,0,150,1
952,962,982,40,41.382736,2.154902,25.00,3,200.00,32.00,64.00,1,1,1,1,0,150,1
953,963,983,40,41.382736,2.154902,25.00,3,200.00,32.00,64.00,1,1,1,1,0,150,1
954,964,984,40,41.382736,2.154902,25.00,3,200.00,32.00,64.00,1,1,1,1,0,150,1
955,965,985,40,41.382736,2.154902,25.00,3,200.00,32.00,64.00,1,1,1,1,0,150,1
956,966,986,40,41.382736,2.154902,25.00,3,200.00,32.00,64.00,1,1,1,1,0,150,1
957,967,987,40,41.382736,2.154902,25.00,3,200.00,32.00,64.00,1,1,1,1,0,150,1
958,968,988,40,41.382736,2.154902,25.00,3,200.00,32.00,64.00,1,1,1,1,0,150,1
959,969,989,40,41.382736,2.154902,25.00,3,200.00,32.00,64.00,1,1,1,1,0,150,1
960,970,990,40,41.382736,2.154902,25.00,3,200.00,32.00,64.00,1,1,1,1,0,150,1
961,971,991,40,41.382736,2.154902,25.00,3,200.00,32.00,64.00,1,1,1,1,0,150,1
962,972,992,40,41.382736,2.154902,25.00,3,200.00,32.00,64.00,1,1,1,1,0,150,1
963,973,993,40,41.382736,2.154902,25.00,3,200.00,32.00,64.00,1,1,1,1,0,150,1
964,974,994,40,41.382736,2.154902,25.00,3,200.00,32.00,64.00,1,1,1,1,0,150,1
965,975,995,40,41.382736,2.154902,25.00,3,200.00,32.00,64.00,1,1,1,1,0,150,1
966,976,996,40,41.382736,2.154902,25.00,3,200.00,32.00,64.00,1,1,1,1,0,150,1
967,977,997,40,41.382736,2.154902,25.00,3,200.00,32.00,64.00,1,1,1,1,0,150,1
968,978,998,40,41.382736,2.154902,25.00,3,200.00,32.00,64.00,1,1,1,1,0,150,1
969,979,999,40,41.382736,2.154902,25.00,3,200.00,32.00,64.00,1,1,1,1,0,150,1
970,980,1000,40,41.382736,2.154902,25.00,3,200.00,32.00,64.00,1,1,1,1,0,150,1
971,981,1001,40,41.382736,2.154902,25.00,3,200.00,32.00,64.00,1,1,1,1,0,150,1
972,982,1002,40,41.382736,2.154902,25.00,3,200.00,32.00,64.00,1,1,1,1,0,150,1
973,983,1003,40,41.382736,2.154902,25.00,3,200.00,32.00,64.00,1,1,1,1,0,150,1
974,984,1004,40,41.382736,2.154902,25.00,3,200.00,32.00,64.00,1,1,1,1,0,150,1
975,985,1005,40,41.382736,2.154902,25.00,3,200.00,32.00,64.00,1,1,1,1,0,150,1
976,986,1006,40,41.382736,2.154902,25.00,3,200.00,32.00,64.00,1,1,1,1,0,150,1
977,987,1007,40,41.382736,2.154902,25.00,3,200.00,32.00,64.00,1,1,1,1,0,150,1
978,988,1008,40,41.382736,2.154902,25.00,3,200.00,32.00,64.00,1,1,1,1,0,150,1
979,989,1009,40,41.382736,2.154902,25.00,3,200.00,32.00,64.00,1,1,1,1,0,150,1
980,990,1010,40,41.382736,2.154902,25.00,3,200.00,32.00,64.00,1,1,1,1,0,150,1
981,991,1011,40,41.382736,2.154902,25.00,3,200.00,32.00,64.00,1,1,1,1,0,150,1
982,992,1012,40,41.382736,2.154902,25.00,3,200.00,32.00,64.00,1,1,1,1,0,150,1
983,993,1013,40,41.382736,2.154902,25.00,3,200.00,32.00,64.00,1,1,1,1,0,150,1
984,994,1014,40,41.382736,2.154902,25.00,3,200.00,32.00,64.00,1,1,1,1,0,150,1
985,995,1015,40,41.382736,2.154902,25.00,3,200.00,32.00,64.00,1,1,1,1,0,150,1
986,996,1016,40,41.382736,2.154902,25.00,3,200.00,32.00,64.00,1,1,1,1,0,150,1
987,997,1017,40,41.382736,2.154902,25.00,3,200.00,32.00,64.00,1,1,1,1,0,150,1
988,998,1018,40,41.382736,2.154902,25.00,3,200.00,32.00,64.00,1,1,1,1,0,150,1
989,999,1019,40,41.382736,2.154902,25.00,3,200.00,32.00,64.00,1,1,1,1,0,150,1
990,1000,1020,40,41.382736,2.154902,25.00,3,200.00,32.00,64.00,1,1,1,1,0,150,1
991,1001,1021,40,41.382736,2.154902,25.00,3,200.00,32.00,64.00,1,1,1,1,0,150,1
992,1002,1022,40,41.382736,2.154902,25.00,3,200.00,32.00,64.00,1,1,1,1,0,150,1
993,1003,1023,40,41.382736,2.154902,25.00,3,200.00,32.00,64.00,1,1,1,1,0,150,1
994,1004,1024,40,41.382736,2.154902,25.00,3,200.00,32.00,64.00,1,1,1,1,0,150,1
995,1005,1025,40,41.382736,2.154902,25.00,3,200.00,32.00,64.00,1,1,1,1,0,150,1
996,1006,1026,40,41.382736,2.154902,25.00,3,200.00,32.00,64.00,1,1,1,1,0,150,1
997,1007,1027,40,41.382736,2.154902,25.00,3,200.00,32.00,64.00,1,1,1,1,0,150,1
998,1008,1028,40,41.382736,2.154902,25.00,3,200.00,32.00,64.00,1,1,1,1,0,150,1
999,1009,1029,40,41.382736,2.154902,25.00,3,200.00,32.00,64.00,1,1,1,1,0,150,1
1000,1010,1030,40,41.382736,2.154902,25.00,3,200.00,32.00,64.00,1,1,1,1,0,150,1
1001,1011,1031,40,41.382736,2.154902,25.00,3,200.00,32.00,64.00,1,1,1,1,0,150,1
1002,1012,1032,40,41.382736,2.154902,25.00,3,200.00,32.00,64.00,1,1,1,1,0,150,1
1003,1013,1033,40,41.382736,2.154902,25.00,3,200.00,32.00,64.00,1,1,1,1,0,150,1
1004,1014,1034,40,41.382736,2.154902,25.00,3,200.00,32.00,64.00,1,1,1,1,0,150,1
1005,1015,1035,40,41.382736,2.154902,25.00,3,200.00,32.00,64.00,1,1,1,1,0,150,1
1006,1016,1036,40,41.382736,2.154902,25.00,3,200.00,32.00,64.00,1,1,1,1,0,150,1
1007,1017,1037,40,41.382736,2.154902,25.00,3,200.00,32.00,64.00,1,1,1,1,0,150,1
1008,1018,1038,40,41.382736,2.154902,25.00,3,200.00,32.00,64.00,1,1,1,1,0,150,1
1009,1019,1039,40,41.382736,2.154902,25.00,3,200.00,32.00,64.00,1,1,1,1,0,150,1
1010,1020,1040,40,41.382736,2.154902,25.00,3,200.00,32.00,64.00,1,1,1,1,0,150,1
1011,1021,1041,40,41.382736,2.154902,25.00,3,200.00,32.00,64.00,1,1,1,1,0,150,1
1012,1022,1042,40,41.382736,2.154902,25.00,3,200.00,32.00,64.00,1,1,1,1,0,150,1
1013,1023,1043,40,41.382736,2.154902,25.00,3,200.00,32.00,64.00,1,1,1,1,0,150,1
1014,1024,1044,40,41.382736,2.154902,25.00,3,200.00,32.00,64.00,1,1,1,1,0,150,1
1015,1025,1045,40,41.382736,2.154902,25.00,3,200.00,32.00,64.00,1,1,1,1,0,150,1
1016,1026,1046,40,41.382736,2.154902,25.00,3,200.00,32.00,64.00,1,1,1,1,0,150,1
1017,1027,1047,40,41.382736,2.154902,25.00,3,200.00,32.00,64.00,1,1,1,1,0,150,1
1018,1028,1048,40,41.382736,2.154902,25.00,3,200.00,32.00,64.00,1,1,1,1,0,150,1
1019,1029,1049,40,41.382736,2.154902,25.00,3,200.00,32.00,64.00,1,1,1,1,0,150,1
1020,1030,1050,40,41.382736,2.154902,25.00,3,200.00,32.00,64.00,1,1,1,1,0,150,1
1021,1031,1051,40,41.382736,2.154902,25.00,3,200.00,32.00,64.00,1,1,1,1,0,150,1
1022,1032,1052,40,41.382736,2.154902,25.00,3,200.00,32.00,64.00,1,1,1,1,0,150,1
1023,1033,1053,40,41.382736,2.154902,25.00,3,200.00,32.00,64.00,1,1,1,1,0,150,1
1024,1034,1054,40,41.382736,2.154902,25.00,3,200.00,32.00,64.00,1,1,1,1,0,150,1
1025,1035,1055,40,41.382736,2.154902,25.00,3,200.00,32.00,64.00,1,1,1,1,0,150,1
1026,1036,1056,40,41.382736,2.154902,25.00,3,200.00,32.00,64.00,1,1,1,1,0,150,1
1027,1037,1057,40,41.382736,2.154902,25.00,3,200.00,32.00,64.00,1,1,1,1,0,150,1
1028,1038,1058,40,41.382736,2.154902,25.00,3,200.00,32.00,64.00,1,1,1,1,0,150,1
1029,1039,1059,40,41.382736,2.154902,25.00,3,200.00,32.00,64.00,1,1,1,1,0,150,1
1030,1040,1060,40,41.382736,2.154902,25.00,3,200.00,32.00,64.00,1,1,1,1,0,150,1
1031,1041,1061,40,41.382736,2.154902,25.00,3,200.00,32.00,64.00,1,1,1,1,0,150,1
1032,1042,1062,40,41.382736,2.154902,25.00,3,200.00,32.00,64.00,1,1,1,1,0,150,1
1033,1043,1063,40,41.382736,2.154902,25.00,3,200.00,32.00,64.00,1,1,1,1,0,150,1
1034,1044,1064,40,41.382736,2.154902,25.00,3,200.00,32.00,64.00,1,1,1,1,0,150,1
1035,1045,1065,40,41.382736,2.154902,25.00,3,200.00,32.00,64.00,1,1,1,1,0,150,1
1036,1046,1066,40,41.382736,2.154902,25.00,3,200.00,32.00,64.00,1,1,1,1,0,150,1
1037,1047,1067,40,41.382736,2.154902,25.00,3,200.00,32.00,64.00,1,1,1,1,0,150,1
1038,1048,1068,40,41.382736,2.154902,25.00,3,200.00,32.00,64.00,1,1,1,1,0,150,1
1039,1049,1069,40,41.382736,2.154902,25.00,3,200.00,32.00,64.00,1,1,1,1,0,150,1
1040,1050,1070,40,41.382736,2.154902,25.00,3,200.00,32.00,64.00,1,1,1,1,0,150,1
1041,1051,1071,40,41.382736,2.154902,25.00,3,200.00,32.00,64.00,1,1,1,1,0,150,1
1042,1052,1072,40,41.382736,2.154902,25.00,3,200.00,32.00,64.00,1,1,1,1,0,150,1
1043,1053,1073,40,41.382736,2.154902,25.00,3,200.00,32.00,64.00,1,1,1,1,0,150,1
1044,1054,1074,40,41.382736,2.154902,25.00,3,200.00,32.00,64.00,1,1,1,1,0,150,1
1045,1055,1075,40,41.382736,2.154902,25.00,3,200.00,32.00,64.00,1,1,1,1,0,150,1
1046,1056,1076,40,41.382736,2.154902,25.00,3,200.00,32.00,64.00,1,1,1,1,0,150,1
1047,1057,1077,40,41.382736,2.154902,25.00,3,200.00,32.00,64.00,1,1,1,1,0,150,1
1048,1058,1078,40,41.382736,2.154902,25.00,3,200.00,32.00,64.00,1,1,1,1,0,150,1
1049,1059,1079,40,41.382736,2.154902,25.00,3,200.00,32.00,64.00,1,1,1,1,0,150,1
1050,1060,1080,40,41.382736,2.154902,25.00,3,200.00,32.00,64.00,1,1,1,1,0,150,1
1051,1061,1081,40,41.382736,2.154902,25.00,3,200.00,32.00,64.00,1,1,1,1,0,150,1
1052,1062,1082,40,41.382736,2.154902,25.00,3,200.00,32.00,64.00,1,1,1,1,0,150,1
1053,1063,1083,40,41.382736,2.154902,25.00,3,200.00,32.00,64.00,1,1,1,1,0,150,1
1054,1064,1084,40,41.382736,2.154902,25.00,3,200.00,32.00,64.00,1,1,1,1,0,150,1
1055,1065,1085,40,41.382736,2.154902,25.00,3,200.00,32.00,64.00,1,1,1,1,0,150,1
1056,1066,1086,40,41.382736,2.154902,25.00,3,200.00,32.00,64.00,1,1,1,1,0,150,1
1057,1067,1087,40,41.382736,2.154902,25.00,3,200.00,32.00,64.00,1,1,1,1,0,150,1
1058,1068,1088,40,41.382736,2.154902,25.00,3,200.00,32.00,64.00,1,1,1,1,0,150,1
1059,1069,1089,40,41.382736,2.154902,25.00,3,200.00,32.00,64.00,1,1,1,1,0,150,1
1060,1070,1090,40,41.382736,2.154902,25.00,3,200.00,32.00,64.00,1,1,1,1,0,150,1
1061,1071,1091,40,41.382736,2.154902,25.00,3,200.00,32.00,64.00,1,1,1,1,0,150,1
1062,1072,1092,40,41.382736,2.154902,25.00,3,200.00,32.00,64.00,1,1,1,1,0,150,1
